"source_id","media_id","media","source_url","source_type","crawl_method","ok","status","fix_group","category","attempts","articles","discovered","attempted","detail_failures","inserted","updated","duplicated","invalid","failed","identity_mismatches","error_code","evidence","report","log"
"7ee70b31-16b2-4c3a-b11d-dfca44c2b711","ccbc3bb6-69e8-412a-80b5-8ecccc4c7eee","江西日报","https://www.jxxw.com.cn/","website","html","false","failed","原有/共用规则","网络/TLS/超时","1","0","0","0","0","0","0","0","0","0","","empty_list","[32m2026-09-24 13:41:05[0m | [33m[1mWARNING [0m | [fetch] http 失败，准备 playwright: https://www.jxxw.com.cn/ -> 
[32m2026-09-24 13:41:21[0m | [33m[1mWARNING [0m | [generic] 列表页失败 https://www.jxxw.com.cn/: Page.goto: Timeout 15000ms exceeded.","e3f6940c-52f7-44b8-8566-f4fdc2ad4aa0-7ee70b31-16b2-4c3a-b11d-dfca44c2b711-b97f9ea4-7c0d-4b28-9a9c-8a69fc2442a0.json","e3f6940c-52f7-44b8-8566-f4fdc2ad4aa0-7ee70b31-16b2-4c3a-b11d-dfca44c2b711-b97f9ea4-7c0d-4b28-9a9c-8a69fc2442a0.log"
"824f31e6-5efb-430b-bd5c-4bbbc9535962","62d913fb-9839-4aa0-b17b-22a0f3d012c6","内蒙古广播电视台","https://www.nmtv.cn/","website","html","false","failed","原有/共用规则","未提取到列表链接（未证明当天无更新）","1","0","0","0","0","0","0","0","0","0","","empty_list","[32m2026-09-24 13:40:50[0m | [33m[1mWARNING [0m | [fetch] http 内容不足/疑似空壳，改用 playwright: https://www.nmtv.cn/","e3f6940c-52f7-44b8-8566-f4fdc2ad4aa0-824f31e6-5efb-430b-bd5c-4bbbc9535962-5b286131-1534-4851-9d09-1c986595f69f.json","e3f6940c-52f7-44b8-8566-f4fdc2ad4aa0-824f31e6-5efb-430b-bd5c-4bbbc9535962-5b286131-1534-4851-9d09-1c986595f69f.log"
"56681003-4cd5-4f6e-8494-1fb60ddd3799","707fa244-d7da-4d3d-8b43-60c808f8aa66","吉林广播电视台","https://www.jlntv.cn/","website","html","false","failed","原有/共用规则","未提取到列表链接（未证明当天无更新）","1","0","0","0","0","0","0","0","0","0","","empty_list","[32m2026-09-24 13:40:51[0m | [33m[1mWARNING [0m | [fetch] http 内容不足/疑似空壳，改用 playwright: https://www.jlntv.cn/","e3f6940c-52f7-44b8-8566-f4fdc2ad4aa0-56681003-4cd5-4f6e-8494-1fb60ddd3799-2d66c47b-5481-48f9-b95a-bc6369aa138e.json","e3f6940c-52f7-44b8-8566-f4fdc2ad4aa0-56681003-4cd5-4f6e-8494-1fb60ddd3799-2d66c47b-5481-48f9-b95a-bc6369aa138e.log"
"a2cb1288-480e-490b-a067-4b6a3f57097c","05b0159a-2f62-4f79-b887-ca7a1e1f9cf5","天山网","https://www.ts.cn/","website","html","false","failed","原有/共用规则","未提取到列表链接（未证明当天无更新）","1","0","0","0","0","0","0","0","0","0","","empty_list","[32m2026-09-24 13:40:51[0m | [33m[1mWARNING [0m | [fetch] http 内容不足/疑似空壳，改用 playwright: https://www.ts.cn/","e3f6940c-52f7-44b8-8566-f4fdc2ad4aa0-a2cb1288-480e-490b-a067-4b6a3f57097c-f6bd2e6d-8300-4756-8e25-593837acf620.json","e3f6940c-52f7-44b8-8566-f4fdc2ad4aa0-a2cb1288-480e-490b-a067-4b6a3f57097c-f6bd2e6d-8300-4756-8e25-593837acf620.log"
"2655bafd-fe9f-4353-8e35-a3690ee63d8c","5fdd99b1-a9a9-4314-a93f-1bba505b442f","吉林日报","http://www.dajilin.com/","website","html","false","failed","原有/共用规则","未提取到列表链接（未证明当天无更新）","1","0","0","0","0","0","0","0","0","0","","empty_list","[32m2026-09-24 13:41:23[0m | [33m[1mWARNING [0m | [fetch] http 内容不足/疑似空壳，改用 playwright: http://www.dajilin.com/","e3f6940c-52f7-44b8-8566-f4fdc2ad4aa0-2655bafd-fe9f-4353-8e35-a3690ee63d8c-f028d1f7-1206-4f08-830d-2b0102100e94.json","e3f6940c-52f7-44b8-8566-f4fdc2ad4aa0-2655bafd-fe9f-4353-8e35-a3690ee63d8c-f028d1f7-1206-4f08-830d-2b0102100e94.log"
"b25fc002-05cf-49ef-a39a-f1875e12f886","eef09c2b-600b-4398-82e7-f56a694d08b8","湖州市新闻传媒中心","https://www.hz66.com/","website","html","false","failed","原有/共用规则","未提取到列表链接（未证明当天无更新）","1","0","0","0","0","0","0","0","0","0","","empty_list","[32m2026-09-24 13:41:23[0m | [33m[1mWARNING [0m | [fetch] http 失败，准备 playwright: https://www.hz66.com/ -> Client error '405 Not Allowed' for url 'https://www.hz66.com/'","e3f6940c-52f7-44b8-8566-f4fdc2ad4aa0-b25fc002-05cf-49ef-a39a-f1875e12f886-fcb9ad25-5bc6-4d22-88a7-37df6f1e6fe4.json","e3f6940c-52f7-44b8-8566-f4fdc2ad4aa0-b25fc002-05cf-49ef-a39a-f1875e12f886-fcb9ad25-5bc6-4d22-88a7-37df6f1e6fe4.log"
"5bccc91a-8adf-4f3f-8fbe-77441f5bd37b","9be28e9e-aac2-4619-862a-1378c45921d8","甘肃广播电视总台","https://www.gstv.com.cn/","website","html","false","failed","原有/共用规则","未提取到列表链接（未证明当天无更新）","1","0","0","0","0","0","0","0","0","0","","empty_list","[32m2026-09-24 13:41:23[0m | [33m[1mWARNING [0m | [fetch] http 内容不足/疑似空壳，改用 playwright: https://www.gstv.com.cn/","e3f6940c-52f7-44b8-8566-f4fdc2ad4aa0-5bccc91a-8adf-4f3f-8fbe-77441f5bd37b-9a93826c-5b89-4fca-9b9a-d770d07a2e11.json","e3f6940c-52f7-44b8-8566-f4fdc2ad4aa0-5bccc91a-8adf-4f3f-8fbe-77441f5bd37b-9a93826c-5b89-4fca-9b9a-d770d07a2e11.log"
"e86e123c-7822-4902-865e-2a0cf80295ef","62d913fb-9839-4aa0-b17b-22a0f3d012c6","内蒙古广播电视台","http://www.nmtv.cn","website","html","false","failed","原有/共用规则","未提取到列表链接（未证明当天无更新）","1","0","0","0","0","0","0","0","0","0","","empty_list","[32m2026-09-24 13:41:23[0m | [33m[1mWARNING [0m | [fetch] http 内容不足/疑似空壳，改用 playwright: http://www.nmtv.cn","e3f6940c-52f7-44b8-8566-f4fdc2ad4aa0-e86e123c-7822-4902-865e-2a0cf80295ef-3612cdec-2423-4874-86a1-5cca398d22d1.json","e3f6940c-52f7-44b8-8566-f4fdc2ad4aa0-e86e123c-7822-4902-865e-2a0cf80295ef-3612cdec-2423-4874-86a1-5cca398d22d1.log"
"dd9ffcbc-7720-44a3-a217-8122c6ade043","8dc51d7f-70e7-4866-8d4b-092eee142ebc","辽宁广播电视台","http://www.lntv.com.cn","website","html","false","failed","原有/共用规则","HTTP 5xx（站点或代理）","1","0","0","0","0","0","0","0","0","0","","empty_list","[32m2026-09-24 13:41:35[0m | [33m[1mWARNING [0m | [fetch] http 失败，准备 playwright: http://www.lntv.com.cn -> Server error '502 Bad Gateway' for url 'http://www.lntv.com.cn'","e3f6940c-52f7-44b8-8566-f4fdc2ad4aa0-dd9ffcbc-7720-44a3-a217-8122c6ade043-9e2704a5-afaf-437f-81bc-f70099b0465a.json","e3f6940c-52f7-44b8-8566-f4fdc2ad4aa0-dd9ffcbc-7720-44a3-a217-8122c6ade043-9e2704a5-afaf-437f-81bc-f70099b0465a.log"
"4a5c22ff-8819-4db4-ac72-1430aea1a93e","3d9bbf13-f0c4-41b2-bd7f-a0718c602a00","潍坊日报社","https://www.wfnews.com.cn/","website","html","false","failed","原有/共用规则","网络/TLS/超时","1","0","0","0","0","0","0","0","0","0","","empty_list","[32m2026-09-24 13:41:40[0m | [33m[1mWARNING [0m | [fetch] http 失败，准备 playwright: https://www.wfnews.com.cn/ -> 
[32m2026-09-24 13:41:56[0m | [33m[1mWARNING [0m | [generic] 列表页失败 https://www.wfnews.com.cn/: Page.goto: Timeout 15000ms exceeded.","e3f6940c-52f7-44b8-8566-f4fdc2ad4aa0-4a5c22ff-8819-4db4-ac72-1430aea1a93e-5ef679eb-764d-4be9-ae72-ece0ab5d2184.json","e3f6940c-52f7-44b8-8566-f4fdc2ad4aa0-4a5c22ff-8819-4db4-ac72-1430aea1a93e-5ef679eb-764d-4be9-ae72-ece0ab5d2184.log"
"3fdfe6a8-6696-4809-812a-492d82ff0dde","169e4529-b024-4959-8321-a74c79a2df7a","石家庄日报","http://www.sjzdaily.com.cn/index.shtml","website","html","false","failed","原有/共用规则","WAF/403/412/访问拒绝","1","0","0","0","0","0","0","0","0","0","","empty_list","[32m2026-09-24 13:41:35[0m | [33m[1mWARNING [0m | [fetch] http 失败，准备 playwright: http://www.sjzdaily.com.cn/index.shtml -> Client error '412 Precondition Failed' for url 'http://www.sjzdaily.com.cn/index.shtml'","e3f6940c-52f7-44b8-8566-f4fdc2ad4aa0-3fdfe6a8-6696-4809-812a-492d82ff0dde-e185ab79-7dc3-43bf-b5fc-be9993851013.json","e3f6940c-52f7-44b8-8566-f4fdc2ad4aa0-3fdfe6a8-6696-4809-812a-492d82ff0dde-e185ab79-7dc3-43bf-b5fc-be9993851013.log"
"da79ced7-4887-446c-9dc2-2895e715a96f","707fa244-d7da-4d3d-8b43-60c808f8aa66","吉林广播电视台","http://www.jlntv.cn","website","html","false","failed","原有/共用规则","未提取到列表链接（未证明当天无更新）","1","0","0","0","0","0","0","0","0","0","","empty_list","[32m2026-09-24 13:41:35[0m | [33m[1mWARNING [0m | [fetch] http 内容不足/疑似空壳，改用 playwright: http://www.jlntv.cn","e3f6940c-52f7-44b8-8566-f4fdc2ad4aa0-da79ced7-4887-446c-9dc2-2895e715a96f-bf024130-d20f-4241-a91a-3dcb3364f5db.json","e3f6940c-52f7-44b8-8566-f4fdc2ad4aa0-da79ced7-4887-446c-9dc2-2895e715a96f-bf024130-d20f-4241-a91a-3dcb3364f5db.log"
"c0dad72d-5215-493a-a9c5-0bff27c90ce2","d1f805e3-cf00-434b-99e1-a025a7c50ee4","辽宁日报","http://epaper.lnd.com.cn","website","html","false","failed","原有/共用规则","未提取到列表链接（未证明当天无更新）","1","0","0","0","0","0","0","0","0","0","","empty_list","","e3f6940c-52f7-44b8-8566-f4fdc2ad4aa0-c0dad72d-5215-493a-a9c5-0bff27c90ce2-9a909904-80de-47ee-9338-921e4bb78553.json","e3f6940c-52f7-44b8-8566-f4fdc2ad4aa0-c0dad72d-5215-493a-a9c5-0bff27c90ce2-9a909904-80de-47ee-9338-921e4bb78553.log"
"28e2c835-3f34-4ced-8994-c294c31c7145","4bece79e-7ee1-4d58-aa7b-72dabc6ba517","中国文化报","http://www.ccdy.cn","website","html","false","failed","原有/共用规则","未提取到列表链接（未证明当天无更新）","1","0","0","0","0","0","0","0","0","0","","empty_list","[32m2026-09-24 13:41:57[0m | [33m[1mWARNING [0m | [fetch] http 内容不足/疑似空壳，改用 playwright: http://www.ccdy.cn","e3f6940c-52f7-44b8-8566-f4fdc2ad4aa0-28e2c835-3f34-4ced-8994-c294c31c7145-c2fae966-d0ae-4b0d-ab32-e91fb18104cf.json","e3f6940c-52f7-44b8-8566-f4fdc2ad4aa0-28e2c835-3f34-4ced-8994-c294c31c7145-c2fae966-d0ae-4b0d-ab32-e91fb18104cf.log"
"ca50c4a4-7682-4d85-94a6-03abdd1e8e43","d1f805e3-cf00-434b-99e1-a025a7c50ee4","辽宁日报","http://epaper.lnd.com.cn","website","html","false","failed","原有/共用规则","未提取到列表链接（未证明当天无更新）","1","0","0","0","0","0","0","0","0","0","","empty_list","","e3f6940c-52f7-44b8-8566-f4fdc2ad4aa0-ca50c4a4-7682-4d85-94a6-03abdd1e8e43-1932991d-bc37-4f98-9335-e4bc25b8ff4f.json","e3f6940c-52f7-44b8-8566-f4fdc2ad4aa0-ca50c4a4-7682-4d85-94a6-03abdd1e8e43-1932991d-bc37-4f98-9335-e4bc25b8ff4f.log"
"9a8d571d-6584-411f-97c3-4c46a1defc32","03726bf2-e039-4b23-9cd7-796cb5817afe","广西日报","https://www.gxnews.com.cn/","website","html","false","failed","原有/共用规则","WAF/403/412/访问拒绝","1","0","0","0","0","0","0","0","0","0","","empty_list","[32m2026-09-24 13:41:57[0m | [33m[1mWARNING [0m | [fetch] http 失败，准备 playwright: https://www.gxnews.com.cn/ -> Client error '412 Precondition Failed' for url 'https://www.gxnews.com.cn/'","e3f6940c-52f7-44b8-8566-f4fdc2ad4aa0-9a8d571d-6584-411f-97c3-4c46a1defc32-3ae6c777-9890-4fa3-8d1d-2d29b8040af3.json","e3f6940c-52f7-44b8-8566-f4fdc2ad4aa0-9a8d571d-6584-411f-97c3-4c46a1defc32-3ae6c777-9890-4fa3-8d1d-2d29b8040af3.log"
"1aa8154a-3961-472a-8cb1-5690800b50c5","8a831626-f04f-4869-9261-6e8e0cd00ad1","常德市广播电视台","http://www.cdtv.com.cn","website","html","false","failed","原有/共用规则","HTTP 5xx（站点或代理）","1","0","0","0","0","0","0","0","0","0","","empty_list","[32m2026-09-24 13:42:19[0m | [33m[1mWARNING [0m | [fetch] http 失败，准备 playwright: http://www.cdtv.com.cn -> Server error '502 Bad Gateway' for url 'http://www.cdtv.com.cn'","e3f6940c-52f7-44b8-8566-f4fdc2ad4aa0-1aa8154a-3961-472a-8cb1-5690800b50c5-13524d19-a573-46a4-81cc-537f0d4bac63.json","e3f6940c-52f7-44b8-8566-f4fdc2ad4aa0-1aa8154a-3961-472a-8cb1-5690800b50c5-13524d19-a573-46a4-81cc-537f0d4bac63.log"
"10ec9e4c-fd47-49bb-ae8e-65e016b1b1a1","f2467aa6-7d5f-4b08-b43b-37f8122cf1c0","徐州广播电视台","http://www.xztv.com.cn","website","html","false","failed","原有/共用规则","未提取到列表链接（未证明当天无更新）","1","0","0","0","0","0","0","0","0","0","","empty_list","[32m2026-09-24 13:42:14[0m | [33m[1mWARNING [0m | [fetch] http 内容不足/疑似空壳，改用 playwright: http://www.xztv.com.cn","e3f6940c-52f7-44b8-8566-f4fdc2ad4aa0-10ec9e4c-fd47-49bb-ae8e-65e016b1b1a1-96924dfc-b0be-45fe-8956-90c290b422b2.json","e3f6940c-52f7-44b8-8566-f4fdc2ad4aa0-10ec9e4c-fd47-49bb-ae8e-65e016b1b1a1-96924dfc-b0be-45fe-8956-90c290b422b2.log"
"6379d28d-501c-46ce-a819-6b7bb0d0e4fb","53ad7842-8878-4b65-bbe2-b727ff053a3e","西藏广播电视台","http://www.xztv.tv","website","html","false","failed","原有/共用规则","HTTP 5xx（站点或代理）","1","0","0","0","0","0","0","0","0","0","","empty_list","[32m2026-09-24 13:42:19[0m | [33m[1mWARNING [0m | [fetch] http 失败，准备 playwright: http://www.xztv.tv -> Server error '502 Bad Gateway' for url 'http://www.xztv.tv'","e3f6940c-52f7-44b8-8566-f4fdc2ad4aa0-6379d28d-501c-46ce-a819-6b7bb0d0e4fb-6de1dbbf-d51e-4896-9da4-84692713a26a.json","e3f6940c-52f7-44b8-8566-f4fdc2ad4aa0-6379d28d-501c-46ce-a819-6b7bb0d0e4fb-6de1dbbf-d51e-4896-9da4-84692713a26a.log"
"238071ef-bf94-483d-9d41-c7971110c253","b027702f-1c50-434a-971e-0d032727013e","常州广播电视台","http://www.cztv.tv","website","html","false","failed","原有/共用规则","未提取到列表链接（未证明当天无更新）","1","0","0","0","0","0","0","0","0","0","","empty_list","[32m2026-09-24 13:42:14[0m | [33m[1mWARNING [0m | [fetch] http 内容不足/疑似空壳，改用 playwright: http://www.cztv.tv","e3f6940c-52f7-44b8-8566-f4fdc2ad4aa0-238071ef-bf94-483d-9d41-c7971110c253-1fac9877-7929-474f-bb49-173abda1f4c6.json","e3f6940c-52f7-44b8-8566-f4fdc2ad4aa0-238071ef-bf94-483d-9d41-c7971110c253-1fac9877-7929-474f-bb49-173abda1f4c6.log"
"c922b766-29d1-48dd-a775-43ca6e770eb4","3ca72104-30ce-4592-810c-5e06aeaa4a78","天津海河传媒中心（天津广播电视台）","http://www.tjbs.com.cn","website","html","false","failed","原有/共用规则","WAF/403/412/访问拒绝","1","0","0","0","0","0","0","0","0","0","","empty_list","[32m2026-09-24 13:42:31[0m | [33m[1mWARNING [0m | [fetch] http 失败，准备 playwright: http://www.tjbs.com.cn -> Client error '403 Forbidden' for url 'http://www.tjbs.com.cn'","e3f6940c-52f7-44b8-8566-f4fdc2ad4aa0-c922b766-29d1-48dd-a775-43ca6e770eb4-76965f70-9279-4693-9269-db244a37b8f1.json","e3f6940c-52f7-44b8-8566-f4fdc2ad4aa0-c922b766-29d1-48dd-a775-43ca6e770eb4-76965f70-9279-4693-9269-db244a37b8f1.log"
"8e7506de-a594-483a-b1c1-9eeec2ca5285","5fdd99b1-a9a9-4314-a93f-1bba505b442f","吉林日报","http://jlrbszb.cnjiwang.com","website","html","false","failed","原有/共用规则","HTTP 5xx（站点或代理）","1","0","0","0","0","0","0","0","0","0","","empty_list","[32m2026-09-24 13:42:33[0m | [33m[1mWARNING [0m | [fetch] http 失败，准备 playwright: http://jlrbszb.cnjiwang.com -> Server error '502 Bad Gateway' for url 'http://jlrbszb.cnjiwang.com'","e3f6940c-52f7-44b8-8566-f4fdc2ad4aa0-8e7506de-a594-483a-b1c1-9eeec2ca5285-91cfc2e3-f0f0-45a8-ab43-3fd8625088f2.json","e3f6940c-52f7-44b8-8566-f4fdc2ad4aa0-8e7506de-a594-483a-b1c1-9eeec2ca5285-91cfc2e3-f0f0-45a8-ab43-3fd8625088f2.log"
"30af6b43-ae6c-45ec-b4b3-25b8991dd212","9e880afd-a36a-40c6-9714-a27d128e25cd","贵州日报","http://www.gzrbs.com.cn","website","html","false","failed","原有/共用规则","HTTP 5xx（站点或代理）","1","0","0","0","0","0","0","0","0","0","","empty_list","[32m2026-09-24 13:42:28[0m | [33m[1mWARNING [0m | [fetch] http 失败，准备 playwright: http://www.gzrbs.com.cn -> Server error '502 Bad Gateway' for url 'http://www.gzrbs.com.cn'","e3f6940c-52f7-44b8-8566-f4fdc2ad4aa0-30af6b43-ae6c-45ec-b4b3-25b8991dd212-badc013f-9f05-49d8-b971-20889e3dbf18.json","e3f6940c-52f7-44b8-8566-f4fdc2ad4aa0-30af6b43-ae6c-45ec-b4b3-25b8991dd212-badc013f-9f05-49d8-b971-20889e3dbf18.log"
"43f9f894-8b41-43cf-ae55-33384f859190","c94bae33-0e38-465f-9ce2-f82f31095a5f","泰州广播电视台","http://www.tzta.com.cn","website","html","false","failed","原有/共用规则","配置缺失（未通过通用复用验证）","1","0","0","0","0","0","0","0","0","0","","configuration_missing","{""source_id"": ""43f9f894-8b41-43cf-ae55-33384f859190"", ""media_id"": ""c94bae33-0e38-465f-9ce2-f82f31095a5f"", ""source_url"": ""http://www.tzta.com.cn"", ""source_type"": ""website"", ""crawl_method"": ""html"", ""media"": ""泰州广播电视台"", ""run_id"": ""e3f6940c-52f7-44b8-8566-f4fdc2ad4aa0"", ""attempt_id"": ""6e11bdc8-ea02-41a9-ae48-9f00d2c929d0"", ""started_at"": ""2026-09-24T05:42:28.693756+00:00"", ""success"": false, ""retryable"": false, ""attempted"": 0, ""discovered"": 0, ""failures"": [], ""successful_bodies"": 0, ""entry_urls"": [], ""error_code"": ""configuration_missing"", ""error"": ""No scraper registered for 泰州广播电视台"", ""failed"": 0, ""ended_at"": ""2026-09-24T05:42:28.742314+00:00""}","e3f6940c-52f7-44b8-8566-f4fdc2ad4aa0-43f9f894-8b41-43cf-ae55-33384f859190-6e11bdc8-ea02-41a9-ae48-9f00d2c929d0.json","e3f6940c-52f7-44b8-8566-f4fdc2ad4aa0-43f9f894-8b41-43cf-ae55-33384f859190-6e11bdc8-ea02-41a9-ae48-9f00d2c929d0.log"
"4649be6e-b8b0-497d-8e0f-863846af11f4","f0339351-e426-4be9-b35b-77d6880d17ad","宁夏日报报业集团","https://www.nxnews.net/","website","html","false","failed","原有/共用规则","WAF/403/412/访问拒绝","1","0","0","0","0","0","0","0","0","0","","empty_list","[32m2026-09-24 13:42:43[0m | [33m[1mWARNING [0m | [fetch] http 失败，准备 playwright: https://www.nxnews.net/ -> Client error '412 Precondition Failed' for url 'https://www.nxnews.net/'","e3f6940c-52f7-44b8-8566-f4fdc2ad4aa0-4649be6e-b8b0-497d-8e0f-863846af11f4-4e9373bf-6251-495d-8299-d0448fc69436.json","e3f6940c-52f7-44b8-8566-f4fdc2ad4aa0-4649be6e-b8b0-497d-8e0f-863846af11f4-4e9373bf-6251-495d-8299-d0448fc69436.log"
"0e629bbb-b53b-4f4a-a005-0a2b3ffe4233","5801bac8-ccc0-42dd-8cd3-14e583a7a245","青海广播电视台","http://www.qhbtv.com","website","html","false","failed","原有/共用规则","配置缺失（未通过通用复用验证）","1","0","0","0","0","0","0","0","0","0","","configuration_missing","{""source_id"": ""0e629bbb-b53b-4f4a-a005-0a2b3ffe4233"", ""media_id"": ""5801bac8-ccc0-42dd-8cd3-14e583a7a245"", ""source_url"": ""http://www.qhbtv.com"", ""source_type"": ""website"", ""crawl_method"": ""html"", ""media"": ""青海广播电视台"", ""run_id"": ""e3f6940c-52f7-44b8-8566-f4fdc2ad4aa0"", ""attempt_id"": ""e2f28dc0-387c-4d62-b3dc-8ef9b131cbad"", ""started_at"": ""2026-09-24T05:42:43.504606+00:00"", ""success"": false, ""retryable"": false, ""attempted"": 0, ""discovered"": 0, ""failures"": [], ""successful_bodies"": 0, ""entry_urls"": [], ""error_code"": ""configuration_missing"", ""error"": ""No scraper registered for 青海广播电视台"", ""failed"": 0, ""ended_at"": ""2026-09-24T05:42:43.540650+00:00""}","e3f6940c-52f7-44b8-8566-f4fdc2ad4aa0-0e629bbb-b53b-4f4a-a005-0a2b3ffe4233-e2f28dc0-387c-4d62-b3dc-8ef9b131cbad.json","e3f6940c-52f7-44b8-8566-f4fdc2ad4aa0-0e629bbb-b53b-4f4a-a005-0a2b3ffe4233-e2f28dc0-387c-4d62-b3dc-8ef9b131cbad.log"
"2f65d84e-bd75-4155-a5c4-b996a84e4015","029ab681-1e94-4c44-afb6-876fe0dccf20","新疆广播电视台","https://www.xjtvs.com.cn/","website","html","false","failed","原有/共用规则","未提取到列表链接（未证明当天无更新）","1","0","0","0","0","0","0","0","0","0","","empty_list","","e3f6940c-52f7-44b8-8566-f4fdc2ad4aa0-2f65d84e-bd75-4155-a5c4-b996a84e4015-4da24aed-2cca-4479-bddb-52c4d1367793.json","e3f6940c-52f7-44b8-8566-f4fdc2ad4aa0-2f65d84e-bd75-4155-a5c4-b996a84e4015-4da24aed-2cca-4479-bddb-52c4d1367793.log"
"01ade713-0acc-44a4-8443-58e70841746e","169e4529-b024-4959-8321-a74c79a2df7a","石家庄日报","http://www.sjzdaily.com.cn/index.shtml","website","html","false","failed","原有/共用规则","WAF/403/412/访问拒绝","1","0","0","0","0","0","0","0","0","0","","empty_list","[32m2026-09-24 13:42:43[0m | [33m[1mWARNING [0m | [fetch] http 失败，准备 playwright: http://www.sjzdaily.com.cn/index.shtml -> Client error '412 Precondition Failed' for url 'http://www.sjzdaily.com.cn/index.shtml'","e3f6940c-52f7-44b8-8566-f4fdc2ad4aa0-01ade713-0acc-44a4-8443-58e70841746e-849f8250-d3b1-4f02-aba9-243cabe5e2ac.json","e3f6940c-52f7-44b8-8566-f4fdc2ad4aa0-01ade713-0acc-44a4-8443-58e70841746e-849f8250-d3b1-4f02-aba9-243cabe5e2ac.log"
"c1c6806a-ae77-46d7-80f9-4deee21ef6fc","83abca40-dd7a-4e2d-8ee4-4307632964b9","北京广播电视台","http://www.rbc.cn","website","html","false","failed","原有/共用规则","未提取到列表链接（未证明当天无更新）","1","0","0","0","0","0","0","0","0","0","","empty_list","[32m2026-09-24 13:42:50[0m | [33m[1mWARNING [0m | [fetch] http 失败，准备 playwright: http://www.rbc.cn -> Client error '405 Not Allowed' for url 'http://www.rbc.cn'","e3f6940c-52f7-44b8-8566-f4fdc2ad4aa0-c1c6806a-ae77-46d7-80f9-4deee21ef6fc-64777e4f-2186-471d-b13a-955f9bea652b.json","e3f6940c-52f7-44b8-8566-f4fdc2ad4aa0-c1c6806a-ae77-46d7-80f9-4deee21ef6fc-64777e4f-2186-471d-b13a-955f9bea652b.log"
"4f0b06e7-d9e3-495f-a90f-b4e55c44157d","921f1b28-a033-4a35-9242-4b35f4121173","黔南广播电视台","http://www.qntv.net","website","html","false","failed","原有/共用规则","HTTP 5xx（站点或代理）","1","0","0","0","0","0","0","0","0","0","","empty_list","[32m2026-09-24 13:42:51[0m | [33m[1mWARNING [0m | [fetch] http 失败，准备 playwright: http://www.qntv.net -> Server error '502 Bad Gateway' for url 'http://www.qntv.net'","e3f6940c-52f7-44b8-8566-f4fdc2ad4aa0-4f0b06e7-d9e3-495f-a90f-b4e55c44157d-7a38d6dd-8cac-4fc5-9c57-311c70f5ac93.json","e3f6940c-52f7-44b8-8566-f4fdc2ad4aa0-4f0b06e7-d9e3-495f-a90f-b4e55c44157d-7a38d6dd-8cac-4fc5-9c57-311c70f5ac93.log"
"531e5237-a016-4fc2-b52b-bdce687c4693","3d9bbf13-f0c4-41b2-bd7f-a0718c602a00","潍坊日报社","http://www.wfnews.com.cn","website","html","false","failed","原有/共用规则","HTTP 5xx（站点或代理）","1","0","0","0","0","0","0","0","0","0","","empty_list","[32m2026-09-24 13:42:55[0m | [33m[1mWARNING [0m | [fetch] http 失败，准备 playwright: http://www.wfnews.com.cn -> Server error '502 Bad Gateway' for url 'http://www.wfnews.com.cn'","e3f6940c-52f7-44b8-8566-f4fdc2ad4aa0-531e5237-a016-4fc2-b52b-bdce687c4693-dd36ceeb-2712-4783-98fa-8503b2c2de92.json","e3f6940c-52f7-44b8-8566-f4fdc2ad4aa0-531e5237-a016-4fc2-b52b-bdce687c4693-dd36ceeb-2712-4783-98fa-8503b2c2de92.log"
"d0b99757-7c2e-45a1-bc97-4a6577091b02","b027702f-1c50-434a-971e-0d032727013e","常州广播电视台","http://www.cztv.tv","website","html","false","failed","原有/共用规则","未提取到列表链接（未证明当天无更新）","1","0","0","0","0","0","0","0","0","0","","empty_list","[32m2026-09-24 13:42:51[0m | [33m[1mWARNING [0m | [fetch] http 内容不足/疑似空壳，改用 playwright: http://www.cztv.tv","e3f6940c-52f7-44b8-8566-f4fdc2ad4aa0-d0b99757-7c2e-45a1-bc97-4a6577091b02-3edfd645-0f00-4704-86c1-a83941a0a90f.json","e3f6940c-52f7-44b8-8566-f4fdc2ad4aa0-d0b99757-7c2e-45a1-bc97-4a6577091b02-3edfd645-0f00-4704-86c1-a83941a0a90f.log"
"c3fd441b-87c6-4b87-9bc0-542c19b4913a","eef09c2b-600b-4398-82e7-f56a694d08b8","湖州市新闻传媒中心","http://www.hz66.com","website","html","false","failed","原有/共用规则","未提取到列表链接（未证明当天无更新）","1","0","0","0","0","0","0","0","0","0","","empty_list","[32m2026-09-24 13:43:05[0m | [33m[1mWARNING [0m | [fetch] http 内容不足/疑似空壳，改用 playwright: http://www.hz66.com","e3f6940c-52f7-44b8-8566-f4fdc2ad4aa0-c3fd441b-87c6-4b87-9bc0-542c19b4913a-2c4213e9-d8b7-47d7-ae21-61d35ec2ac45.json","e3f6940c-52f7-44b8-8566-f4fdc2ad4aa0-c3fd441b-87c6-4b87-9bc0-542c19b4913a-2c4213e9-d8b7-47d7-ae21-61d35ec2ac45.log"
"cfc66d9f-74c6-4d6e-a5f7-48acddbc3b26","9be28e9e-aac2-4619-862a-1378c45921d8","甘肃广播电视总台","http://www.gstv.com.cn","website","html","false","failed","原有/共用规则","未提取到列表链接（未证明当天无更新）","1","0","0","0","0","0","0","0","0","0","","empty_list","[32m2026-09-24 13:43:05[0m | [33m[1mWARNING [0m | [fetch] http 内容不足/疑似空壳，改用 playwright: http://www.gstv.com.cn","e3f6940c-52f7-44b8-8566-f4fdc2ad4aa0-cfc66d9f-74c6-4d6e-a5f7-48acddbc3b26-0222871a-1623-4d17-845a-99a236a59c06.json","e3f6940c-52f7-44b8-8566-f4fdc2ad4aa0-cfc66d9f-74c6-4d6e-a5f7-48acddbc3b26-0222871a-1623-4d17-845a-99a236a59c06.log"
"b6b1f28c-320a-4aec-8169-b4b00ed97a5f","f0339351-e426-4be9-b35b-77d6880d17ad","宁夏日报报业集团","http://www.nxnews.net","website","html","false","failed","原有/共用规则","WAF/403/412/访问拒绝","1","0","0","0","0","0","0","0","0","0","","empty_list","[32m2026-09-24 13:43:05[0m | [33m[1mWARNING [0m | [fetch] http 失败，准备 playwright: http://www.nxnews.net -> Client error '412 Precondition Failed' for url 'http://www.nxnews.net'","e3f6940c-52f7-44b8-8566-f4fdc2ad4aa0-b6b1f28c-320a-4aec-8169-b4b00ed97a5f-b64b2e6d-7e22-4a7b-ab88-ccfcc96207b6.json","e3f6940c-52f7-44b8-8566-f4fdc2ad4aa0-b6b1f28c-320a-4aec-8169-b4b00ed97a5f-b64b2e6d-7e22-4a7b-ab88-ccfcc96207b6.log"
"4a3f8200-f4cc-4446-8815-6ed6210d234a","21287208-464c-4e2b-bb83-07f1ccb2ce07","新疆日报","http://www.xjdaily.com.cn","website","html","false","failed","原有/共用规则","HTTP 5xx（站点或代理）","1","0","0","0","0","0","0","0","0","0","","empty_list","[32m2026-09-24 13:43:05[0m | [33m[1mWARNING [0m | [fetch] http 失败，准备 playwright: http://www.xjdaily.com.cn -> Server error '502 Bad Gateway' for url 'http://www.xjdaily.com.cn'","e3f6940c-52f7-44b8-8566-f4fdc2ad4aa0-4a3f8200-f4cc-4446-8815-6ed6210d234a-e9aca09e-cd89-4520-b7c5-6837f72119e1.json","e3f6940c-52f7-44b8-8566-f4fdc2ad4aa0-4a3f8200-f4cc-4446-8815-6ed6210d234a-e9aca09e-cd89-4520-b7c5-6837f72119e1.log"
"8a7bf076-3a46-4e5d-92e9-ad2108d883bf","05b0159a-2f62-4f79-b887-ca7a1e1f9cf5","天山网","https://www.ts.cn","website","html","false","failed","原有/共用规则","未提取到列表链接（未证明当天无更新）","1","0","0","0","0","0","0","0","0","0","","empty_list","[32m2026-09-24 13:43:14[0m | [33m[1mWARNING [0m | [fetch] http 内容不足/疑似空壳，改用 playwright: https://www.ts.cn","e3f6940c-52f7-44b8-8566-f4fdc2ad4aa0-8a7bf076-3a46-4e5d-92e9-ad2108d883bf-f8ca5c04-f2cb-4555-ba11-3ed90ca94909.json","e3f6940c-52f7-44b8-8566-f4fdc2ad4aa0-8a7bf076-3a46-4e5d-92e9-ad2108d883bf-f8ca5c04-f2cb-4555-ba11-3ed90ca94909.log"
"c03b5786-44f3-4634-8b41-4dd6533866a0","5e4bb677-916b-4ca7-b4c7-da837be1a6ba","盐阜大众报报业集团","http://www.yanchengnews.com","website","html","false","failed","原有/共用规则","未提取到列表链接（未证明当天无更新）","1","0","0","0","0","0","0","0","0","0","","empty_list","[32m2026-09-24 13:43:16[0m | [33m[1mWARNING [0m | [fetch] http 内容不足/疑似空壳，改用 playwright: http://www.yanchengnews.com","e3f6940c-52f7-44b8-8566-f4fdc2ad4aa0-c03b5786-44f3-4634-8b41-4dd6533866a0-252ce5d4-e6db-49fe-811a-82c54e327e8e.json","e3f6940c-52f7-44b8-8566-f4fdc2ad4aa0-c03b5786-44f3-4634-8b41-4dd6533866a0-252ce5d4-e6db-49fe-811a-82c54e327e8e.log"
"15fc5d8e-9e54-4ac3-ba65-d84af0250141","029ab681-1e94-4c44-afb6-876fe0dccf20","新疆广播电视台","http://www.xjtvs.com.cn","website","html","false","failed","原有/共用规则","未提取到列表链接（未证明当天无更新）","1","0","0","0","0","0","0","0","0","0","","empty_list","","e3f6940c-52f7-44b8-8566-f4fdc2ad4aa0-15fc5d8e-9e54-4ac3-ba65-d84af0250141-23a4a11f-20bb-4d91-b518-df11b1a4a7c4.json","e3f6940c-52f7-44b8-8566-f4fdc2ad4aa0-15fc5d8e-9e54-4ac3-ba65-d84af0250141-23a4a11f-20bb-4d91-b518-df11b1a4a7c4.log"
"5f70c9ac-2e7d-4c48-aff8-f0da21c456ba","9be28e9e-aac2-4619-862a-1378c45921d8","甘肃广播电视总台","http://www.gstv.com.cn","website","html","false","failed","原有/共用规则","未提取到列表链接（未证明当天无更新）","1","0","0","0","0","0","0","0","0","0","","empty_list","[32m2026-09-24 13:43:14[0m | [33m[1mWARNING [0m | [fetch] http 内容不足/疑似空壳，改用 playwright: http://www.gstv.com.cn","e3f6940c-52f7-44b8-8566-f4fdc2ad4aa0-5f70c9ac-2e7d-4c48-aff8-f0da21c456ba-6a7292bf-1116-44dd-aa28-a4c05552a00c.json","e3f6940c-52f7-44b8-8566-f4fdc2ad4aa0-5f70c9ac-2e7d-4c48-aff8-f0da21c456ba-6a7292bf-1116-44dd-aa28-a4c05552a00c.log"
"3e031367-ebd5-435f-ae68-c60337449499","f2467aa6-7d5f-4b08-b43b-37f8122cf1c0","徐州广播电视台","http://www.xztv.com.cn","website","html","false","failed","原有/共用规则","未提取到列表链接（未证明当天无更新）","1","0","0","0","0","0","0","0","0","0","","empty_list","[32m2026-09-24 13:43:28[0m | [33m[1mWARNING [0m | [fetch] http 内容不足/疑似空壳，改用 playwright: http://www.xztv.com.cn","e3f6940c-52f7-44b8-8566-f4fdc2ad4aa0-3e031367-ebd5-435f-ae68-c60337449499-8a9cb9f5-87b6-47f0-88aa-986f2afb9ca8.json","e3f6940c-52f7-44b8-8566-f4fdc2ad4aa0-3e031367-ebd5-435f-ae68-c60337449499-8a9cb9f5-87b6-47f0-88aa-986f2afb9ca8.log"
"781c4759-7ea7-40d1-8deb-25ef87ffa30a","4bece79e-7ee1-4d58-aa7b-72dabc6ba517","中国文化报","https://www.ccdy.cn/","website","html","false","failed","原有/共用规则","未提取到列表链接（未证明当天无更新）","1","0","0","0","0","0","0","0","0","0","","empty_list","[32m2026-09-24 13:43:28[0m | [33m[1mWARNING [0m | [fetch] http 内容不足/疑似空壳，改用 playwright: https://www.ccdy.cn/","e3f6940c-52f7-44b8-8566-f4fdc2ad4aa0-781c4759-7ea7-40d1-8deb-25ef87ffa30a-0999c27c-4bd4-4c07-b95b-58447817ea0f.json","e3f6940c-52f7-44b8-8566-f4fdc2ad4aa0-781c4759-7ea7-40d1-8deb-25ef87ffa30a-0999c27c-4bd4-4c07-b95b-58447817ea0f.log"
"c9715174-3d3f-4438-9cae-2131ccd2509f","05b0159a-2f62-4f79-b887-ca7a1e1f9cf5","天山网","https://www.ts.cn","website","html","false","failed","原有/共用规则","未提取到列表链接（未证明当天无更新）","1","0","0","0","0","0","0","0","0","0","","empty_list","[32m2026-09-24 13:43:28[0m | [33m[1mWARNING [0m | [fetch] http 内容不足/疑似空壳，改用 playwright: https://www.ts.cn","e3f6940c-52f7-44b8-8566-f4fdc2ad4aa0-c9715174-3d3f-4438-9cae-2131ccd2509f-3d1afc82-d178-498c-93a8-efadbd16368d.json","e3f6940c-52f7-44b8-8566-f4fdc2ad4aa0-c9715174-3d3f-4438-9cae-2131ccd2509f-3d1afc82-d178-498c-93a8-efadbd16368d.log"
"af8805cc-ccdc-47fc-bef5-49794c293ee6","f0339351-e426-4be9-b35b-77d6880d17ad","宁夏日报报业集团","https://www.nxrb.cn/","website","html","false","failed","原有/共用规则","未提取到列表链接（未证明当天无更新）","1","0","0","0","0","0","0","0","0","0","","empty_list","[32m2026-09-24 13:43:28[0m | [33m[1mWARNING [0m | [fetch] http 内容不足/疑似空壳，改用 playwright: https://www.nxrb.cn/","e3f6940c-52f7-44b8-8566-f4fdc2ad4aa0-af8805cc-ccdc-47fc-bef5-49794c293ee6-d062f4f2-ede8-4306-a668-d801472f0c45.json","e3f6940c-52f7-44b8-8566-f4fdc2ad4aa0-af8805cc-ccdc-47fc-bef5-49794c293ee6-d062f4f2-ede8-4306-a668-d801472f0c45.log"
"cbe9f3f4-5330-436f-9abb-ee761d89da10","707fa244-d7da-4d3d-8b43-60c808f8aa66","吉林广播电视台","http://www.jlntv.cn","website","html","false","failed","原有/共用规则","未提取到列表链接（未证明当天无更新）","1","0","0","0","0","0","0","0","0","0","","empty_list","[32m2026-09-24 13:43:35[0m | [33m[1mWARNING [0m | [fetch] http 内容不足/疑似空壳，改用 playwright: http://www.jlntv.cn","e3f6940c-52f7-44b8-8566-f4fdc2ad4aa0-cbe9f3f4-5330-436f-9abb-ee761d89da10-50e3a471-c326-4662-8c83-f6865c6db6f3.json","e3f6940c-52f7-44b8-8566-f4fdc2ad4aa0-cbe9f3f4-5330-436f-9abb-ee761d89da10-50e3a471-c326-4662-8c83-f6865c6db6f3.log"
"25aa058e-2913-4ad5-84a5-a39e8f6b625e","4bece79e-7ee1-4d58-aa7b-72dabc6ba517","中国文化报","http://www.ccdy.cn","website","html","false","failed","原有/共用规则","未提取到列表链接（未证明当天无更新）","1","0","0","0","0","0","0","0","0","0","","empty_list","[32m2026-09-24 13:43:35[0m | [33m[1mWARNING [0m | [fetch] http 内容不足/疑似空壳，改用 playwright: http://www.ccdy.cn","e3f6940c-52f7-44b8-8566-f4fdc2ad4aa0-25aa058e-2913-4ad5-84a5-a39e8f6b625e-bdc8cde8-f7d5-4e95-b39c-ce69d3224655.json","e3f6940c-52f7-44b8-8566-f4fdc2ad4aa0-25aa058e-2913-4ad5-84a5-a39e8f6b625e-bdc8cde8-f7d5-4e95-b39c-ce69d3224655.log"
"1209803e-bc2a-4c5b-96bf-7ef7f472aa14","83abca40-dd7a-4e2d-8ee4-4307632964b9","北京广播电视台","https://www.brtv.org.cn/","website","html","false","failed","原有/共用规则","未提取到列表链接（未证明当天无更新）","1","0","0","0","0","0","0","0","0","0","","empty_list","[32m2026-09-24 13:43:35[0m | [33m[1mWARNING [0m | [fetch] http 失败，准备 playwright: https://www.brtv.org.cn/ -> Client error '405 Not Allowed' for url 'https://www.brtv.org.cn/'","e3f6940c-52f7-44b8-8566-f4fdc2ad4aa0-1209803e-bc2a-4c5b-96bf-7ef7f472aa14-64f927c7-b3b2-4f51-80e8-b8f0aa880527.json","e3f6940c-52f7-44b8-8566-f4fdc2ad4aa0-1209803e-bc2a-4c5b-96bf-7ef7f472aa14-64f927c7-b3b2-4f51-80e8-b8f0aa880527.log"
"5e972965-1e69-489b-9324-2b8496864833","3354b7ab-400e-421f-9291-b9dbac1aa75f","大连新闻传媒集团","http://www.dlxww.com","website","html","false","failed","原有/共用规则","HTTP 5xx（站点或代理）","1","0","0","0","0","0","0","0","0","0","","empty_list","[32m2026-09-24 13:43:35[0m | [33m[1mWARNING [0m | [fetch] http 失败，准备 playwright: http://www.dlxww.com -> Server error '502 Bad Gateway' for url 'http://www.dlxww.com'","e3f6940c-52f7-44b8-8566-f4fdc2ad4aa0-5e972965-1e69-489b-9324-2b8496864833-301fd92f-d5b5-406c-87fa-cff227f6d62c.json","e3f6940c-52f7-44b8-8566-f4fdc2ad4aa0-5e972965-1e69-489b-9324-2b8496864833-301fd92f-d5b5-406c-87fa-cff227f6d62c.log"
"4884f74c-4d86-484e-9f86-dd0eac0f429e","eef09c2b-600b-4398-82e7-f56a694d08b8","湖州市新闻传媒中心","http://www.hz66.com","website","html","false","failed","原有/共用规则","未提取到列表链接（未证明当天无更新）","1","0","0","0","0","0","0","0","0","0","","empty_list","[32m2026-09-24 13:43:42[0m | [33m[1mWARNING [0m | [fetch] http 内容不足/疑似空壳，改用 playwright: http://www.hz66.com","e3f6940c-52f7-44b8-8566-f4fdc2ad4aa0-4884f74c-4d86-484e-9f86-dd0eac0f429e-5f5d538b-49f9-4164-8898-37d34fc09164.json","e3f6940c-52f7-44b8-8566-f4fdc2ad4aa0-4884f74c-4d86-484e-9f86-dd0eac0f429e-5f5d538b-49f9-4164-8898-37d34fc09164.log"
"b5387863-f152-4117-955b-f9412b6b4a92","62d913fb-9839-4aa0-b17b-22a0f3d012c6","内蒙古广播电视台","http://www.nmtv.cn","website","html","false","failed","原有/共用规则","未提取到列表链接（未证明当天无更新）","1","0","0","0","0","0","0","0","0","0","","empty_list","[32m2026-09-24 13:43:42[0m | [33m[1mWARNING [0m | [fetch] http 内容不足/疑似空壳，改用 playwright: http://www.nmtv.cn","e3f6940c-52f7-44b8-8566-f4fdc2ad4aa0-b5387863-f152-4117-955b-f9412b6b4a92-ef56c62b-5778-4502-bf05-ee42b59405b7.json","e3f6940c-52f7-44b8-8566-f4fdc2ad4aa0-b5387863-f152-4117-955b-f9412b6b4a92-ef56c62b-5778-4502-bf05-ee42b59405b7.log"
"c354a630-9913-4aab-9184-f3bea75628ba","029ab681-1e94-4c44-afb6-876fe0dccf20","新疆广播电视台","http://www.xjtvs.com.cn","website","html","false","failed","原有/共用规则","未提取到列表链接（未证明当天无更新）","1","0","0","0","0","0","0","0","0","0","","empty_list","","e3f6940c-52f7-44b8-8566-f4fdc2ad4aa0-c354a630-9913-4aab-9184-f3bea75628ba-5bef7c21-ddb2-44c9-90c0-e1522af4c32d.json","e3f6940c-52f7-44b8-8566-f4fdc2ad4aa0-c354a630-9913-4aab-9184-f3bea75628ba-5bef7c21-ddb2-44c9-90c0-e1522af4c32d.log"
"05dc3bbf-61b8-4aa1-ae9b-d33e14a18f9e","6c9bcc8d-2da2-404e-87b6-fddd86feebb6","中国日报","http://www.chinadaily.com.cn","website","html","false","failed","原有/共用规则","配置缺失（未通过通用复用验证）","1","0","0","0","0","0","0","0","0","0","","configuration_missing","{""source_id"": ""05dc3bbf-61b8-4aa1-ae9b-d33e14a18f9e"", ""media_id"": ""6c9bcc8d-2da2-404e-87b6-fddd86feebb6"", ""source_url"": ""http://www.chinadaily.com.cn"", ""source_type"": ""website"", ""crawl_method"": ""html"", ""media"": ""中国日报"", ""run_id"": ""e3f6940c-52f7-44b8-8566-f4fdc2ad4aa0"", ""attempt_id"": ""16f8a74d-5191-4bd3-95ec-f06e4f4f9c6f"", ""started_at"": ""2026-09-24T05:43:41.850825+00:00"", ""success"": false, ""retryable"": false, ""attempted"": 0, ""discovered"": 0, ""failures"": [], ""successful_bodies"": 0, ""entry_urls"": [], ""error_code"": ""configuration_missing"", ""error"": ""No scraper registered for 中国日报"", ""failed"": 0, ""ended_at"": ""2026-09-24T05:43:41.888395+00:00""}","e3f6940c-52f7-44b8-8566-f4fdc2ad4aa0-05dc3bbf-61b8-4aa1-ae9b-d33e14a18f9e-16f8a74d-5191-4bd3-95ec-f06e4f4f9c6f.json","e3f6940c-52f7-44b8-8566-f4fdc2ad4aa0-05dc3bbf-61b8-4aa1-ae9b-d33e14a18f9e-16f8a74d-5191-4bd3-95ec-f06e4f4f9c6f.log"
"39089b76-7b95-44a4-90d9-bce4652e48ca","5025d254-63e9-4d8d-ac6d-e7a15f1f26b8","河南日报","http://www.hnby.com.cn","website","html","false","failed","原有/共用规则","配置缺失（未通过通用复用验证）","1","0","0","0","0","0","0","0","0","0","","configuration_missing","{""source_id"": ""39089b76-7b95-44a4-90d9-bce4652e48ca"", ""media_id"": ""5025d254-63e9-4d8d-ac6d-e7a15f1f26b8"", ""source_url"": ""http://www.hnby.com.cn"", ""source_type"": ""website"", ""crawl_method"": ""html"", ""media"": ""河南日报"", ""run_id"": ""e3f6940c-52f7-44b8-8566-f4fdc2ad4aa0"", ""attempt_id"": ""d9f5087a-4344-4f88-9daa-28473f8ee923"", ""started_at"": ""2026-09-24T05:43:49.391078+00:00"", ""success"": false, ""retryable"": false, ""attempted"": 0, ""discovered"": 0, ""failures"": [], ""successful_bodies"": 0, ""entry_urls"": [], ""error_code"": ""configuration_missing"", ""error"": ""No scraper registered for 河南日报"", ""failed"": 0, ""ended_at"": ""2026-09-24T05:43:49.423545+00:00""}","e3f6940c-52f7-44b8-8566-f4fdc2ad4aa0-39089b76-7b95-44a4-90d9-bce4652e48ca-d9f5087a-4344-4f88-9daa-28473f8ee923.json","e3f6940c-52f7-44b8-8566-f4fdc2ad4aa0-39089b76-7b95-44a4-90d9-bce4652e48ca-d9f5087a-4344-4f88-9daa-28473f8ee923.log"
"5aa1e8ed-5ab3-4155-a685-c9dfc8fe6a8d","03726bf2-e039-4b23-9cd7-796cb5817afe","广西日报","http://www.gxnews.com.cn","website","html","false","failed","原有/共用规则","WAF/403/412/访问拒绝","1","0","0","0","0","0","0","0","0","0","","empty_list","[32m2026-09-24 13:43:49[0m | [33m[1mWARNING [0m | [fetch] http 失败，准备 playwright: http://www.gxnews.com.cn -> Client error '412 Precondition Failed' for url 'https://www.gxnews.com.cn/'","e3f6940c-52f7-44b8-8566-f4fdc2ad4aa0-5aa1e8ed-5ab3-4155-a685-c9dfc8fe6a8d-ea381f68-0ac0-4b1d-83c2-2710b1889feb.json","e3f6940c-52f7-44b8-8566-f4fdc2ad4aa0-5aa1e8ed-5ab3-4155-a685-c9dfc8fe6a8d-ea381f68-0ac0-4b1d-83c2-2710b1889feb.log"
"195f5aa5-c140-4972-9be1-aacf643f1878","50c0bdff-f1a4-4399-93b9-c0db265454af","温州市新闻传媒中心","http://www.wzxwcm.com","website","html","false","failed","原有/共用规则","配置缺失（未通过通用复用验证）","1","0","0","0","0","0","0","0","0","0","","configuration_missing","{""source_id"": ""195f5aa5-c140-4972-9be1-aacf643f1878"", ""media_id"": ""50c0bdff-f1a4-4399-93b9-c0db265454af"", ""source_url"": ""http://www.wzxwcm.com"", ""source_type"": ""website"", ""crawl_method"": ""html"", ""media"": ""温州市新闻传媒中心"", ""run_id"": ""e3f6940c-52f7-44b8-8566-f4fdc2ad4aa0"", ""attempt_id"": ""28bfb294-4ab7-44e1-82cb-50c149c82347"", ""started_at"": ""2026-09-24T05:43:49.448273+00:00"", ""success"": false, ""retryable"": false, ""attempted"": 0, ""discovered"": 0, ""failures"": [], ""successful_bodies"": 0, ""entry_urls"": [], ""error_code"": ""configuration_missing"", ""error"": ""No scraper registered for 温州市新闻传媒中心"", ""failed"": 0, ""ended_at"": ""2026-09-24T05:43:49.490814+00:00""}","e3f6940c-52f7-44b8-8566-f4fdc2ad4aa0-195f5aa5-c140-4972-9be1-aacf643f1878-28bfb294-4ab7-44e1-82cb-50c149c82347.json","e3f6940c-52f7-44b8-8566-f4fdc2ad4aa0-195f5aa5-c140-4972-9be1-aacf643f1878-28bfb294-4ab7-44e1-82cb-50c149c82347.log"
"ecf74c6c-1385-40df-b2a6-bf3e7794c88b","50c0bdff-f1a4-4399-93b9-c0db265454af","温州市新闻传媒中心","http://www.wzxwcm.com","website","html","false","failed","原有/共用规则","配置缺失（未通过通用复用验证）","1","0","0","0","0","0","0","0","0","0","","configuration_missing","{""source_id"": ""ecf74c6c-1385-40df-b2a6-bf3e7794c88b"", ""media_id"": ""50c0bdff-f1a4-4399-93b9-c0db265454af"", ""source_url"": ""http://www.wzxwcm.com"", ""source_type"": ""website"", ""crawl_method"": ""html"", ""media"": ""温州市新闻传媒中心"", ""run_id"": ""e3f6940c-52f7-44b8-8566-f4fdc2ad4aa0"", ""attempt_id"": ""f8f769f1-d5b7-484d-99de-ec998ba6ee00"", ""started_at"": ""2026-09-24T05:43:49.426009+00:00"", ""success"": false, ""retryable"": false, ""attempted"": 0, ""discovered"": 0, ""failures"": [], ""successful_bodies"": 0, ""entry_urls"": [], ""error_code"": ""configuration_missing"", ""error"": ""No scraper registered for 温州市新闻传媒中心"", ""failed"": 0, ""ended_at"": ""2026-09-24T05:43:49.459165+00:00""}","e3f6940c-52f7-44b8-8566-f4fdc2ad4aa0-ecf74c6c-1385-40df-b2a6-bf3e7794c88b-f8f769f1-d5b7-484d-99de-ec998ba6ee00.json","e3f6940c-52f7-44b8-8566-f4fdc2ad4aa0-ecf74c6c-1385-40df-b2a6-bf3e7794c88b-f8f769f1-d5b7-484d-99de-ec998ba6ee00.log"
"c15e47a9-5af6-48bf-8cc3-ab2f9841c11c","911602f0-723d-42f8-818e-6465d2e27fbd","广东广播电视台","https://www.gdtv.cn/channels/2","website","html","false","failed","原有/共用规则","未提取到列表链接（未证明当天无更新）","1","0","0","0","0","0","0","0","0","0","","empty_list","[32m2026-09-24 13:43:55[0m | [33m[1mWARNING [0m | [fetch] http 内容不足/疑似空壳，改用 playwright: https://www.gdtv.cn/channels/2","e3f6940c-52f7-44b8-8566-f4fdc2ad4aa0-c15e47a9-5af6-48bf-8cc3-ab2f9841c11c-acad7825-f414-438a-8b90-c4b5437db2ff.json","e3f6940c-52f7-44b8-8566-f4fdc2ad4aa0-c15e47a9-5af6-48bf-8cc3-ab2f9841c11c-acad7825-f414-438a-8b90-c4b5437db2ff.log"
"6fdcbac0-dac1-4816-aafb-b96e14b9bee1","2b177acf-d7e4-4385-aa7d-031168cbf64d","榆林日报","http://www.ylrb.com","website","html","false","failed","原有/共用规则","配置缺失（未通过通用复用验证）","1","0","0","0","0","0","0","0","0","0","","configuration_missing","{""source_id"": ""6fdcbac0-dac1-4816-aafb-b96e14b9bee1"", ""media_id"": ""2b177acf-d7e4-4385-aa7d-031168cbf64d"", ""source_url"": ""http://www.ylrb.com"", ""source_type"": ""website"", ""crawl_method"": ""html"", ""media"": ""榆林日报"", ""run_id"": ""e3f6940c-52f7-44b8-8566-f4fdc2ad4aa0"", ""attempt_id"": ""d30173ae-03f9-4399-ad8d-cd01b228238f"", ""started_at"": ""2026-09-24T05:43:55.173734+00:00"", ""success"": false, ""retryable"": false, ""attempted"": 0, ""discovered"": 0, ""failures"": [], ""successful_bodies"": 0, ""entry_urls"": [], ""error_code"": ""configuration_missing"", ""error"": ""No scraper registered for 榆林日报"", ""failed"": 0, ""ended_at"": ""2026-09-24T05:43:55.215138+00:00""}","e3f6940c-52f7-44b8-8566-f4fdc2ad4aa0-6fdcbac0-dac1-4816-aafb-b96e14b9bee1-d30173ae-03f9-4399-ad8d-cd01b228238f.json","e3f6940c-52f7-44b8-8566-f4fdc2ad4aa0-6fdcbac0-dac1-4816-aafb-b96e14b9bee1-d30173ae-03f9-4399-ad8d-cd01b228238f.log"
"3d881b65-30dd-4bde-917a-2c69aae72ce5","243344d4-fce9-4787-a32c-ad6f5291b194","长沙晚报社","http://www.icswb.com","website","html","false","failed","原有/共用规则","配置缺失（未通过通用复用验证）","1","0","0","0","0","0","0","0","0","0","","configuration_missing","{""source_id"": ""3d881b65-30dd-4bde-917a-2c69aae72ce5"", ""media_id"": ""243344d4-fce9-4787-a32c-ad6f5291b194"", ""source_url"": ""http://www.icswb.com"", ""source_type"": ""website"", ""crawl_method"": ""html"", ""media"": ""长沙晚报社"", ""run_id"": ""e3f6940c-52f7-44b8-8566-f4fdc2ad4aa0"", ""attempt_id"": ""8418852d-d69c-4f41-bdf3-86bbca3ad522"", ""started_at"": ""2026-09-24T05:43:55.202275+00:00"", ""success"": false, ""retryable"": false, ""attempted"": 0, ""discovered"": 0, ""failures"": [], ""successful_bodies"": 0, ""entry_urls"": [], ""error_code"": ""configuration_missing"", ""error"": ""No scraper registered for 长沙晚报社"", ""failed"": 0, ""ended_at"": ""2026-09-24T05:43:55.247035+00:00""}","e3f6940c-52f7-44b8-8566-f4fdc2ad4aa0-3d881b65-30dd-4bde-917a-2c69aae72ce5-8418852d-d69c-4f41-bdf3-86bbca3ad522.json","e3f6940c-52f7-44b8-8566-f4fdc2ad4aa0-3d881b65-30dd-4bde-917a-2c69aae72ce5-8418852d-d69c-4f41-bdf3-86bbca3ad522.log"
"7d04bbd9-21ba-4be1-bf6d-715e25f486c7","8460b917-a077-4d49-825b-0a8bd816ba66","贵州广播电视台","http://www.gzstv.com","website","html","false","failed","原有/共用规则","配置缺失（未通过通用复用验证）","1","0","0","0","0","0","0","0","0","0","","configuration_missing","{""source_id"": ""7d04bbd9-21ba-4be1-bf6d-715e25f486c7"", ""media_id"": ""8460b917-a077-4d49-825b-0a8bd816ba66"", ""source_url"": ""http://www.gzstv.com"", ""source_type"": ""website"", ""crawl_method"": ""html"", ""media"": ""贵州广播电视台"", ""run_id"": ""e3f6940c-52f7-44b8-8566-f4fdc2ad4aa0"", ""attempt_id"": ""8dd08870-b720-4ee9-9f86-33489c8013a1"", ""started_at"": ""2026-09-24T05:43:55.212821+00:00"", ""success"": false, ""retryable"": false, ""attempted"": 0, ""discovered"": 0, ""failures"": [], ""successful_bodies"": 0, ""entry_urls"": [], ""error_code"": ""configuration_missing"", ""error"": ""No scraper registered for 贵州广播电视台"", ""failed"": 0, ""ended_at"": ""2026-09-24T05:43:55.247812+00:00""}","e3f6940c-52f7-44b8-8566-f4fdc2ad4aa0-7d04bbd9-21ba-4be1-bf6d-715e25f486c7-8dd08870-b720-4ee9-9f86-33489c8013a1.json","e3f6940c-52f7-44b8-8566-f4fdc2ad4aa0-7d04bbd9-21ba-4be1-bf6d-715e25f486c7-8dd08870-b720-4ee9-9f86-33489c8013a1.log"
"234c65a1-6c67-4531-a665-806c27bfb8e8","fd1d18c7-f390-4cd0-8b87-d72a7e0a984c","锡林郭勒盟日报","http://www.xlgl.gov.cn","website","html","true","success","generic配置","成功","1","10","81","10","0","0","0","10","0","0","","","","e3f6940c-52f7-44b8-8566-f4fdc2ad4aa0-234c65a1-6c67-4531-a665-806c27bfb8e8-5cee478d-3879-4821-b76e-cff0d05e52d1.json","e3f6940c-52f7-44b8-8566-f4fdc2ad4aa0-234c65a1-6c67-4531-a665-806c27bfb8e8-5cee478d-3879-4821-b76e-cff0d05e52d1.log"
"74602362-0599-4a34-856b-8a37fa23d694","911602f0-723d-42f8-818e-6465d2e27fbd","广东广播电视台","https://www.gdtv.cn/channels/2","website","html","false","failed","原有/共用规则","网络/TLS/超时","1","0","140","10","10","0","0","0","0","0","","no_valid_articles","[32m2026-09-24 13:44:02[0m | [33m[1mWARNING [0m | [fetch] http 内容不足/疑似空壳，改用 playwright: https://www.gdtv.cn/channels/2
[32m2026-09-24 13:44:08[0m | [33m[1mWARNING [0m | [fetch] http 内容不足/疑似空壳，改用 playwright: https://www.gdtv.cn/tvColumn/687
[32m2026-09-24 13:44:25[0m | [33m[1mWARNING [0m | [fetch] http 内容不足/疑似空壳，改用 playwright: https://www.gdtv.cn/tv/deec775a93b861de07ff6564d53e188f
[32m2026-09-24 13:44:42[0m | [33m[1mWARNING [0m | [fetch] http 内容不足/疑似空壳，改用 playwright: https://www.gdtv.cn/tv/671ab9ace3b02da36f33e4655315567a
[32m2026-09-24 13:44:59[0m | [33m[1mWARNING [0m | [fetch] http 内容不足/疑似空壳，改用 playwright: https://www.gdtv.cn/tv/869a149846ef31208836724ed6eedce3
[32m2026-09-24 13:45:17[0m | [33m[1mWARNING [0m | [fetch] http 内容不足/疑似空壳，改用 playwright: https://www.gdtv.cn/tv/513065bdfdb7f2bbc3c8c2eb38390266
[32m2026-09-24 13:45:34[0m | [33m[1mWARNING [0m | [fetch] http 内容不足/疑似空壳，改用 playwright: https://www.gdtv.cn/tv/4d14f43156809544e36af61860664ea3
[32m2026-09-24 13:45:51[0m | [33m[1mWARNING [0m | [fetch] http 内容不足/疑似空壳，改用 playwright: https://www.gdtv.cn/tv/3b2779cc7296e2a5c93d30b30c730d9b
[32m2026-09-24 13:46:08[0m | [33m[1mWARNING [0m | [fetch] http 内容不足/疑似空壳，改用 playwright: https://www.gdtv.cn/tv/90f952a93c4045fa1f8af3be3c480a68
[32m2026-09-24 13:46:25[0m | [33m[1mWARNING [0m | [fetch] http 内容不足/疑似空壳，改用 playwright: https://www.gdtv.cn/tv/762a737ec146cc215ae1748ebb5803b0
[32m2026-09-24 13:46:42[0m | [33m[1mWARNING [0m | [fetch] http 内容不足/疑似空壳，改用 playwright: https://www.gdtv.cn/tv/a986d1dea2ba7428c7dcd568fa18793d
detail: Page.goto: Timeout 15000ms exceeded.
Call log:
  - navigating to ""https://www.gdtv.cn/tvColumn/687"", waiting until ""networkidle""

detail: Page.goto: Timeout 15000ms exceeded.
Call log:
  - navigating to ""https://www.gdtv.cn/tv/deec775a93b861de07ff6564d53e188f"", waiting until ""networkidle""

detail: Page.goto: Timeout 15000ms exceeded.
Call log:
  - navigating to ""https://www.gdtv.cn/tv/671ab9ace3b02da36f33e4655315567a"", waiting until ""networkidle""

detail: Page.goto: Timeout 15000ms exceeded.
Call log:
  - navigating to ""https://www.gdtv.cn/tv/869a149846ef31208836724ed6eedce3"", waiting until ""networkidle""

detail: Page.goto: Timeout 15000ms exceeded.
Call log:
  - navigating to ""https://www.gdtv.cn/tv/513065bdfdb7f2bbc3c8c2eb38390266"", waiting until ""networkidle""

detail: Page.goto: Timeout 15000ms exceeded.
Call log:
  - navigating to ""https://www.gdtv.cn/tv/4d14f43156809544e36af61860664ea3"", waiting until ""networkidle""

detail: Page.goto: Timeout 15000ms exceeded.
Call log:
  - navigating to ""https://www.gdtv.cn/tv/3b2779cc7296e2a5c93d30b30c730d9b"", waiting until ""networkidle""

detail: Page.goto: Timeout 15000ms exceeded.
Call log:
  - navigating to ""https://www.gdtv.cn/tv/90f952a93c4045fa1f8af3be3c480a68"", waiting until ""networkidle""

detail: Page.goto: Timeout 15000ms exceeded.
Call log:
  - navigating to ""https://www.gdtv.cn/tv/762a737ec146cc215ae1748ebb5803b0"", waiting until ""networkidle""

detail: Page.goto: Timeout 15000ms exceeded.
Call log:
  - navigating to ""https://www.gdtv.cn/tv/a986d1dea2ba7428c7dcd568fa18793d"", waiting until ""networkidle""
","e3f6940c-52f7-44b8-8566-f4fdc2ad4aa0-74602362-0599-4a34-856b-8a37fa23d694-fd894e98-e19e-4700-8762-f7eda7495e3e.json","e3f6940c-52f7-44b8-8566-f4fdc2ad4aa0-74602362-0599-4a34-856b-8a37fa23d694-fd894e98-e19e-4700-8762-f7eda7495e3e.log"
"21c0bd38-4146-40f6-8c10-2c46d51ff29b","c728024b-01ff-49d6-bfd2-bc3ffa3cf4aa","黑龙江广播电视台","https://ljktx.dbw.cn/index.shtml","website","html","true","success","原有/共用规则","成功","1","10","70","10","0","0","0","10","0","0","","","","e3f6940c-52f7-44b8-8566-f4fdc2ad4aa0-21c0bd38-4146-40f6-8c10-2c46d51ff29b-dcc58335-43f1-4902-80d1-cb0307bcb821.json","e3f6940c-52f7-44b8-8566-f4fdc2ad4aa0-21c0bd38-4146-40f6-8c10-2c46d51ff29b-dcc58335-43f1-4902-80d1-cb0307bcb821.log"
"cdb7460b-ad73-4396-919f-a73b76811c4f","c728024b-01ff-49d6-bfd2-bc3ffa3cf4aa","黑龙江广播电视台","https://ljktx.dbw.cn/index.shtml","website","html","true","success","原有/共用规则","成功","1","10","70","10","0","10","0","0","0","0","","","","e3f6940c-52f7-44b8-8566-f4fdc2ad4aa0-cdb7460b-ad73-4396-919f-a73b76811c4f-b9191538-25f3-4cad-87b4-559f0574c7da.json","e3f6940c-52f7-44b8-8566-f4fdc2ad4aa0-cdb7460b-ad73-4396-919f-a73b76811c4f-b9191538-25f3-4cad-87b4-559f0574c7da.log"
"97525118-a931-4f9b-928f-17d9c7a7e2fa","ccbc3bb6-69e8-412a-80b5-8ecccc4c7eee","江西日报","http://www.jxnews.com.cn","website","html","true","success","原有/共用规则","成功","1","10","131","10","0","10","0","0","0","0","","","[32m2026-09-24 13:47:00[0m | [33m[1mWARNING [0m | [fetch] http 失败，准备 playwright: http://www.jxnews.com.cn -> [SSL: SSLV3_ALERT_HANDSHAKE_FAILURE] ssl/tls alert handshake failure (_ssl.c:1032)
[32m2026-09-24 13:47:05[0m | [33m[1mWARNING [0m | [fetch] http 失败，准备 playwright: https://news.jxnews.com.cn/system/2026/09/24/031254127.shtml -> [SSL: SSLV3_ALERT_HANDSHAKE_FAILURE] ssl/tls alert handshake failure (_ssl.c:1032)
[32m2026-09-24 13:47:22[0m | [33m[1mWARNING [0m | [fetch] http 失败，准备 playwright: https://news.jxnews.com.cn/system/2026/09/24/031254336.shtml -> [SSL: SSLV3_ALERT_HANDSHAKE_FAILURE] ssl/tls alert handshake failure (_ssl.c:1032)
[32m2026-09-24 13:47:31[0m | [33m[1mWARNING [0m | [fetch] http 失败，准备 playwright: https://news.jxnews.com.cn/system/2026/09/24/031254335.shtml -> [SSL: SSLV3_ALERT_HANDSHAKE_FAILURE] ssl/tls alert handshake failure (_ssl.c:1032)
[32m2026-09-24 13:47:41[0m | [33m[1mWARNING [0m | [fetch] http 失败，准备 playwright: https://news.jxnews.com.cn/system/2026/09/24/031254334.shtml -> [SSL: SSLV3_ALERT_HANDSHAKE_FAILURE] ssl/tls alert handshake failure (_ssl.c:1032)
[32m2026-09-24 13:47:54[0m | [33m[1mWARNING [0m | [fetch] http 失败，准备 playwright: https://news.jxnews.com.cn/system/2026/09/24/031254333.shtml -> [SSL: SSLV3_ALERT_HANDSHAKE_FAILURE] ssl/tls alert handshake failure (_ssl.c:1032)
[32m2026-09-24 13:48:05[0m | [33m[1mWARNING [0m | [fetch] http 失败，准备 playwright: https://news.jxnews.com.cn/system/2026/09/24/031254332.shtml -> [SSL: SSLV3_ALERT_HANDSHAKE_FAILURE] ssl/tls alert handshake failure (_ssl.c:1032)
[32m2026-09-24 13:48:16[0m | [33m[1mWARNING [0m | [fetch] http 失败，准备 playwright: https://news.jxnews.com.cn/system/2026/09/24/031254110.shtml -> [SSL: SSLV3_ALERT_HANDSHAKE_FAILURE] ssl/tls alert handshake failure (_ssl.c:1032)
[32m2026-09-24 13:48:44[0m | [33m[1mWARNING [0m | [base] playwright 兜底失败 https://news.jxnews.com.cn/system/2026/09/24/031254110.shtml: Page.goto: Timeout 15000ms exceeded.
[32m2026-09-24 13:48:46[0m | [33m[1mWARNING [0m | [fetch] http 失败，准备 playwright: https://news.jxnews.com.cn/system/2026/09/24/031254111.shtml -> [SSL: SSLV3_ALERT_HANDSHAKE_FAILURE] ssl/tls alert handshake failure (_ssl.c:1032)
[32m2026-09-24 13:48:57[0m | [33m[1mWARNING [0m | [fetch] http 失败，准备 playwright: https://news.jxnews.com.cn/system/2026/09/24/031254109.shtml -> [SSL: SSLV3_ALERT_HANDSHAKE_FAILURE] ssl/tls alert handshake failure (_ssl.c:1032)
[32m2026-09-24 13:49:10[0m | [33m[1mWARNING [0m | [fetch] http 失败，准备 playwright: https://jiangxi.jxnews.com.cn/system/2026/09/24/031254037.shtml -> [SSL: SSLV3_ALERT_HANDSHAKE_FAILURE] ssl/tls alert handshake failure (_ssl.c:1032)","e3f6940c-52f7-44b8-8566-f4fdc2ad4aa0-97525118-a931-4f9b-928f-17d9c7a7e2fa-7609112b-02de-46cf-883e-6000b5b1fa05.json","e3f6940c-52f7-44b8-8566-f4fdc2ad4aa0-97525118-a931-4f9b-928f-17d9c7a7e2fa-7609112b-02de-46cf-883e-6000b5b1fa05.log"
"0a09ee31-7f44-4011-a328-569491c86be2","2aa5c046-818e-4af0-8d47-72312861a5f6","湖南广播电视台","https://news.hunantv.com/","website","html","true","success","原有/共用规则","成功","1","10","10","10","0","5","0","5","0","0","","","","e3f6940c-52f7-44b8-8566-f4fdc2ad4aa0-0a09ee31-7f44-4011-a328-569491c86be2-a7863c3b-40f1-4e24-adc4-1e787ccbe69d.json","e3f6940c-52f7-44b8-8566-f4fdc2ad4aa0-0a09ee31-7f44-4011-a328-569491c86be2-a7863c3b-40f1-4e24-adc4-1e787ccbe69d.log"
"5648f0b2-41b8-4767-bc7c-97ec35754f5f","675ffbd4-db8a-4b6b-879e-bf0211278dfa","广西广播电视台","https://news.gxtv.cn/","website","html","true","success","原有/共用规则","成功","1","10","29","10","0","10","0","0","0","0","","","","e3f6940c-52f7-44b8-8566-f4fdc2ad4aa0-5648f0b2-41b8-4767-bc7c-97ec35754f5f-a2f3bebb-1503-4718-94d8-adcc375d50ca.json","e3f6940c-52f7-44b8-8566-f4fdc2ad4aa0-5648f0b2-41b8-4767-bc7c-97ec35754f5f-a2f3bebb-1503-4718-94d8-adcc375d50ca.log"
"eb6a6a38-c7d7-43dc-bedb-4617038cbf05","51fd9095-83ce-4f49-a663-660f174800f8","中国青年报","https://news.cyol.com/","website","html","true","success","原有/共用规则","成功","1","10","106","10","0","7","0","3","0","0","","","","e3f6940c-52f7-44b8-8566-f4fdc2ad4aa0-eb6a6a38-c7d7-43dc-bedb-4617038cbf05-be36ca77-1ce4-448e-8712-2106aa53142f.json","e3f6940c-52f7-44b8-8566-f4fdc2ad4aa0-eb6a6a38-c7d7-43dc-bedb-4617038cbf05-be36ca77-1ce4-448e-8712-2106aa53142f.log"
"7eb21735-e20c-4c50-abd8-048db026331c","7948c361-4c35-4a2a-b29c-0eda94915992","珠海广播电视台","http://pub-zhtb.hizh.cn/shizheng/","website","html","true","success","原有/共用规则","成功","1","10","53","10","0","7","0","3","0","0","","","","e3f6940c-52f7-44b8-8566-f4fdc2ad4aa0-7eb21735-e20c-4c50-abd8-048db026331c-6a88b167-9761-4f73-b752-8fe5ac4157e2.json","e3f6940c-52f7-44b8-8566-f4fdc2ad4aa0-7eb21735-e20c-4c50-abd8-048db026331c-6a88b167-9761-4f73-b752-8fe5ac4157e2.log"
"c6970c61-9673-46c8-a4d3-3096a0113eba","ccbc3bb6-69e8-412a-80b5-8ecccc4c7eee","江西日报","http://www.jxnews.com.cn","website","html","true","success","原有/共用规则","成功","1","10","131","10","0","0","0","10","0","0","","","[32m2026-09-24 13:49:22[0m | [33m[1mWARNING [0m | [fetch] http 失败，准备 playwright: http://www.jxnews.com.cn -> [SSL: SSLV3_ALERT_HANDSHAKE_FAILURE] ssl/tls alert handshake failure (_ssl.c:1032)
[32m2026-09-24 13:49:30[0m | [33m[1mWARNING [0m | [fetch] http 失败，准备 playwright: https://news.jxnews.com.cn/system/2026/09/24/031254127.shtml -> [SSL: SSLV3_ALERT_HANDSHAKE_FAILURE] ssl/tls alert handshake failure (_ssl.c:1032)
[32m2026-09-24 13:49:50[0m | [33m[1mWARNING [0m | [fetch] http 失败，准备 playwright: https://news.jxnews.com.cn/system/2026/09/24/031254336.shtml -> [SSL: SSLV3_ALERT_HANDSHAKE_FAILURE] ssl/tls alert handshake failure (_ssl.c:1032)
[32m2026-09-24 13:49:59[0m | [33m[1mWARNING [0m | [fetch] http 失败，准备 playwright: https://news.jxnews.com.cn/system/2026/09/24/031254335.shtml -> [SSL: SSLV3_ALERT_HANDSHAKE_FAILURE] ssl/tls alert handshake failure (_ssl.c:1032)
[32m2026-09-24 13:50:10[0m | [33m[1mWARNING [0m | [fetch] http 失败，准备 playwright: https://news.jxnews.com.cn/system/2026/09/24/031254334.shtml -> [SSL: SSLV3_ALERT_HANDSHAKE_FAILURE] ssl/tls alert handshake failure (_ssl.c:1032)
[32m2026-09-24 13:50:22[0m | [33m[1mWARNING [0m | [fetch] http 失败，准备 playwright: https://news.jxnews.com.cn/system/2026/09/24/031254333.shtml -> [SSL: SSLV3_ALERT_HANDSHAKE_FAILURE] ssl/tls alert handshake failure (_ssl.c:1032)
[32m2026-09-24 13:50:32[0m | [33m[1mWARNING [0m | [fetch] http 失败，准备 playwright: https://news.jxnews.com.cn/system/2026/09/24/031254332.shtml -> [SSL: SSLV3_ALERT_HANDSHAKE_FAILURE] ssl/tls alert handshake failure (_ssl.c:1032)
[32m2026-09-24 13:50:46[0m | [33m[1mWARNING [0m | [fetch] http 失败，准备 playwright: https://news.jxnews.com.cn/system/2026/09/24/031254110.shtml -> [SSL: SSLV3_ALERT_HANDSHAKE_FAILURE] ssl/tls alert handshake failure (_ssl.c:1032)
[32m2026-09-24 13:51:09[0m | [33m[1mWARNING [0m | [fetch] http 失败，准备 playwright: https://news.jxnews.com.cn/system/2026/09/24/031254111.shtml -> [SSL: SSLV3_ALERT_HANDSHAKE_FAILURE] ssl/tls alert handshake failure (_ssl.c:1032)
[32m2026-09-24 13:51:18[0m | [33m[1mWARNING [0m | [fetch] http 失败，准备 playwright: https://news.jxnews.com.cn/system/2026/09/24/031254109.shtml -> [SSL: SSLV3_ALERT_HANDSHAKE_FAILURE] ssl/tls alert handshake failure (_ssl.c:1032)
[32m2026-09-24 13:51:31[0m | [33m[1mWARNING [0m | [fetch] http 失败，准备 playwright: https://jiangxi.jxnews.com.cn/system/2026/09/24/031254037.shtml -> [SSL: SSLV3_ALERT_HANDSHAKE_FAILURE] ssl/tls alert handshake failure (_ssl.c:1032)","e3f6940c-52f7-44b8-8566-f4fdc2ad4aa0-c6970c61-9673-46c8-a4d3-3096a0113eba-2ecb8de8-8d14-428c-a4b9-b4ed8b83375b.json","e3f6940c-52f7-44b8-8566-f4fdc2ad4aa0-c6970c61-9673-46c8-a4d3-3096a0113eba-2ecb8de8-8d14-428c-a4b9-b4ed8b83375b.log"
"320d860a-3f04-4b78-92e1-9265a4590955","675ffbd4-db8a-4b6b-879e-bf0211278dfa","广西广播电视台","https://news.gxtv.cn/","website","html","true","success","原有/共用规则","成功","1","10","29","10","0","0","0","10","0","0","","","","e3f6940c-52f7-44b8-8566-f4fdc2ad4aa0-320d860a-3f04-4b78-92e1-9265a4590955-7f147548-600c-4de1-b9c7-83e608ebcfa1.json","e3f6940c-52f7-44b8-8566-f4fdc2ad4aa0-320d860a-3f04-4b78-92e1-9265a4590955-7f147548-600c-4de1-b9c7-83e608ebcfa1.log"
"0ae022f2-3419-4a6a-b5be-fb4c697c32ba","f2467aa6-7d5f-4b08-b43b-37f8122cf1c0","徐州广播电视台","https://www.huaihai.tv/","website","html","true","success","原有/共用规则","成功","1","10","98","10","0","10","0","0","0","0","","","","e3f6940c-52f7-44b8-8566-f4fdc2ad4aa0-0ae022f2-3419-4a6a-b5be-fb4c697c32ba-85ef38f0-dd62-4462-b11b-3fafd16c40ec.json","e3f6940c-52f7-44b8-8566-f4fdc2ad4aa0-0ae022f2-3419-4a6a-b5be-fb4c697c32ba-85ef38f0-dd62-4462-b11b-3fafd16c40ec.log"
"32abe8aa-c3d5-43aa-a9e1-64476bcc028c","8a831626-f04f-4869-9261-6e8e0cd00ad1","常德市广播电视台","https://www.cdqmw.cn/","website","html","false","failed","原有/共用规则","未提取到列表链接（未证明当天无更新）","1","0","0","0","0","0","0","0","0","0","","empty_list","[32m2026-09-24 13:51:44[0m | [33m[1mWARNING [0m | [fetch] http 内容不足/疑似空壳，改用 playwright: https://www.cdqmw.cn/","e3f6940c-52f7-44b8-8566-f4fdc2ad4aa0-32abe8aa-c3d5-43aa-a9e1-64476bcc028c-7054bac7-10cf-4b96-b0bb-29464ffe8025.json","e3f6940c-52f7-44b8-8566-f4fdc2ad4aa0-32abe8aa-c3d5-43aa-a9e1-64476bcc028c-7054bac7-10cf-4b96-b0bb-29464ffe8025.log"
"f341e81d-2568-4a24-b237-09b4b0090d68","675ffbd4-db8a-4b6b-879e-bf0211278dfa","广西广播电视台","https://news.gxtv.cn/","website","html","true","success","原有/共用规则","成功","1","10","29","10","0","0","0","10","0","0","","","","e3f6940c-52f7-44b8-8566-f4fdc2ad4aa0-f341e81d-2568-4a24-b237-09b4b0090d68-61625936-9f57-4a71-a454-05233f95d867.json","e3f6940c-52f7-44b8-8566-f4fdc2ad4aa0-f341e81d-2568-4a24-b237-09b4b0090d68-61625936-9f57-4a71-a454-05233f95d867.log"
"b3230c00-8b83-4ffc-b460-b44e6eff4817","21287208-464c-4e2b-bb83-07f1ccb2ce07","新疆日报","https://www.xjmty.com/yw/index.html","website","html","true","success","原有/共用规则","成功","1","10","18","10","0","10","0","0","0","0","","","","e3f6940c-52f7-44b8-8566-f4fdc2ad4aa0-b3230c00-8b83-4ffc-b460-b44e6eff4817-b8b96bbf-5adb-4ec5-b248-155fecb202df.json","e3f6940c-52f7-44b8-8566-f4fdc2ad4aa0-b3230c00-8b83-4ffc-b460-b44e6eff4817-b8b96bbf-5adb-4ec5-b248-155fecb202df.log"
"981915e6-1108-418c-bac4-913dcfd974c0","2aa5c046-818e-4af0-8d47-72312861a5f6","湖南广播电视台","https://news.hunantv.com/","website","html","true","success","原有/共用规则","成功","1","10","10","10","0","0","0","10","0","0","","","","e3f6940c-52f7-44b8-8566-f4fdc2ad4aa0-981915e6-1108-418c-bac4-913dcfd974c0-96d1115a-32da-428a-ab61-a2757249dc90.json","e3f6940c-52f7-44b8-8566-f4fdc2ad4aa0-981915e6-1108-418c-bac4-913dcfd974c0-96d1115a-32da-428a-ab61-a2757249dc90.log"
"75d0fa60-1fec-4f0d-8e54-572f44284c12","5e4bb677-916b-4ca7-b4c7-da837be1a6ba","盐阜大众报报业集团","https://www.ycnews.cn/","website","html","true","success","原有/共用规则","成功","1","10","426","10","0","5","0","5","0","0","","","[32m2026-09-24 13:53:04[0m | [33m[1mWARNING [0m | [base] playwright 兜底失败 https://www.ycnews.cn/ycwx/2026/09-24/n1KQ27GD.html: Page.goto: net::ERR_NETWORK_CHANGED at https://www.ycnews.cn/ycwx/2026/09-24/n1KQ27GD.html","e3f6940c-52f7-44b8-8566-f4fdc2ad4aa0-75d0fa60-1fec-4f0d-8e54-572f44284c12-eb37080a-c823-477c-b317-b6bc295bfc87.json","e3f6940c-52f7-44b8-8566-f4fdc2ad4aa0-75d0fa60-1fec-4f0d-8e54-572f44284c12-eb37080a-c823-477c-b317-b6bc295bfc87.log"
"602b96fe-1a78-474d-9895-400a9f75948f","7948c361-4c35-4a2a-b29c-0eda94915992","珠海广播电视台","http://pub-zhtb.hizh.cn/shizheng/","website","html","true","success","原有/共用规则","成功","1","10","53","10","0","0","0","10","0","0","","","","e3f6940c-52f7-44b8-8566-f4fdc2ad4aa0-602b96fe-1a78-474d-9895-400a9f75948f-e25c9031-a4e8-4c38-80ca-b532451d7dc5.json","e3f6940c-52f7-44b8-8566-f4fdc2ad4aa0-602b96fe-1a78-474d-9895-400a9f75948f-e25c9031-a4e8-4c38-80ca-b532451d7dc5.log"
"bc8af55b-2b4e-4e46-af84-b491ab17f45a","53ad7842-8878-4b65-bbe2-b727ff053a3e","西藏广播电视台","https://www.zhufengyunxz.cn/","website","html","false","failed","原有/共用规则","WAF/403/412/访问拒绝","1","0","10","10","10","0","0","0","0","0","","no_valid_articles","[32m2026-09-24 13:52:37[0m | [33m[1mWARNING [0m | [fetch] http 失败，准备 playwright: https://www.zhufengyunxz.cn/ARTI1790217853052883 -> Client error '403 Forbidden' for url 'https://www.zhufengyunxz.cn/ARTI1790217853052883'
[32m2026-09-24 13:52:48[0m | [33m[1mWARNING [0m | [fetch] http 失败，准备 playwright: https://www.zhufengyunxz.cn/ARTI1790217873272549 -> Client error '403 Forbidden' for url 'https://www.zhufengyunxz.cn/ARTI1790217873272549'
[32m2026-09-24 13:52:55[0m | [33m[1mWARNING [0m | [fetch] http 失败，准备 playwright: https://www.zhufengyunxz.cn/ARTI1790217892438552 -> Client error '403 Forbidden' for url 'https://www.zhufengyunxz.cn/ARTI1790217892438552'
[32m2026-09-24 13:53:05[0m | [33m[1mWARNING [0m | [fetch] http 失败，准备 playwright: https://www.zhufengyunxz.cn/ARTI1790217862501548 -> Client error '403 Forbidden' for url 'https://www.zhufengyunxz.cn/ARTI1790217862501548'
[32m2026-09-24 13:53:13[0m | [33m[1mWARNING [0m | [fetch] http 失败，准备 playwright: https://www.zhufengyunxz.cn/ARTI1790217910151556 -> Client error '403 Forbidden' for url 'https://www.zhufengyunxz.cn/ARTI1790217910151556'
[32m2026-09-24 13:53:23[0m | [33m[1mWARNING [0m | [fetch] http 失败，准备 playwright: https://www.zhufengyunxz.cn/ARTI1790213543045675 -> Client error '403 Forbidden' for url 'https://www.zhufengyunxz.cn/ARTI1790213543045675'
[32m2026-09-24 13:53:34[0m | [33m[1mWARNING [0m | [fetch] http 失败，准备 playwright: https://www.zhufengyunxz.cn/ARTI1790217878760889 -> Client error '403 Forbidden' for url 'https://www.zhufengyunxz.cn/ARTI1790217878760889'
[32m2026-09-24 13:53:43[0m | [33m[1mWARNING [0m | [fetch] http 失败，准备 playwright: https://www.zhufengyunxz.cn/ARTI1790217886199890 -> Client error '403 Forbidden' for url 'https://www.zhufengyunxz.cn/ARTI1790217886199890'
[32m2026-09-24 13:53:50[0m | [33m[1mWARNING [0m | [fetch] http 失败，准备 playwright: https://www.zhufengyunxz.cn/ARTI1790217843563880 -> Client error '403 Forbidden' for url 'https://www.zhufengyunxz.cn/ARTI1790217843563880'
[32m2026-09-24 13:53:58[0m | [33m[1mWARNING [0m | [fetch] http 失败，准备 playwright: https://www.zhufengyunxz.cn/ARTI1790155377189402 -> Client error '403 Forbidden' for url 'https://www.zhufengyunxz.cn/ARTI1790155377189402'
detail: Missing title or substantive body
detail: Missing title or substantive body
detail: Missing title or substantive body
detail: Missing title or substantive body
detail: Missing title or substantive body
detail: Missing title or substantive body
detail: Missing title or substantive body
detail: Missing title or substantive body
detail: Missing title or substantive body
detail: Missing title or substantive body","e3f6940c-52f7-44b8-8566-f4fdc2ad4aa0-bc8af55b-2b4e-4e46-af84-b491ab17f45a-04cd482b-ed76-4643-87a8-5f81063ed510.json","e3f6940c-52f7-44b8-8566-f4fdc2ad4aa0-bc8af55b-2b4e-4e46-af84-b491ab17f45a-04cd482b-ed76-4643-87a8-5f81063ed510.log"
"64e84caf-328b-4d47-8a2a-f0f24f2fde5f","a1b67d3e-b993-43fd-9af3-e5975b78ebec","西藏日报","https://www.xzxw.com/","website","html","true","success","原有/共用规则","成功","1","10","74","10","0","0","0","10","0","0","","","","e3f6940c-52f7-44b8-8566-f4fdc2ad4aa0-64e84caf-328b-4d47-8a2a-f0f24f2fde5f-dc48e4b5-f747-45f5-a30c-5b19570e0d48.json","e3f6940c-52f7-44b8-8566-f4fdc2ad4aa0-64e84caf-328b-4d47-8a2a-f0f24f2fde5f-dc48e4b5-f747-45f5-a30c-5b19570e0d48.log"
"70b04246-a6e7-411e-830b-7ca418f36a3d","0dbfb32e-0c32-4a79-ae3a-aede5232fe86","中国航天报","http://www.csn.spacechina.com/","website","html","true","success","原有/共用规则","成功","1","10","49","10","0","5","0","5","0","0","","","","e3f6940c-52f7-44b8-8566-f4fdc2ad4aa0-70b04246-a6e7-411e-830b-7ca418f36a3d-3fe76b34-6106-440b-83a3-9641ce116da6.json","e3f6940c-52f7-44b8-8566-f4fdc2ad4aa0-70b04246-a6e7-411e-830b-7ca418f36a3d-3fe76b34-6106-440b-83a3-9641ce116da6.log"
"43a5b304-566d-4e28-b681-5ddb2b0fe632","921f1b28-a033-4a35-9242-4b35f4121173","黔南广播电视台","http://paper.qntv.net/","website","html","true","success","原有/共用规则","成功","1","7","8","8","1","7","0","0","0","0","","","[32m2026-09-24 13:54:07[0m | [33m[1mWARNING [0m | [fetch] http 内容不足/疑似空壳，改用 playwright: http://paper.qntv.net/
detail: Missing title or substantive body","e3f6940c-52f7-44b8-8566-f4fdc2ad4aa0-43a5b304-566d-4e28-b681-5ddb2b0fe632-380b4c57-5c9a-4f20-b5d6-102d1cf97efa.json","e3f6940c-52f7-44b8-8566-f4fdc2ad4aa0-43a5b304-566d-4e28-b681-5ddb2b0fe632-380b4c57-5c9a-4f20-b5d6-102d1cf97efa.log"
"70bbc948-f93c-47dd-a35e-3af48844a0e5","c728024b-01ff-49d6-bfd2-bc3ffa3cf4aa","黑龙江广播电视台","https://ljktx.dbw.cn/index.shtml","website","html","true","success","原有/共用规则","成功","1","10","70","10","0","0","0","10","0","0","","","","e3f6940c-52f7-44b8-8566-f4fdc2ad4aa0-70bbc948-f93c-47dd-a35e-3af48844a0e5-3ffe3061-7800-4862-a200-85925d4891dc.json","e3f6940c-52f7-44b8-8566-f4fdc2ad4aa0-70bbc948-f93c-47dd-a35e-3af48844a0e5-3ffe3061-7800-4862-a200-85925d4891dc.log"
"415535c6-0280-44a5-8aed-ed5dd01c4819","3529bf46-b3f8-4be7-bfc7-4bcd3843cfc4","东莞广播电视台","https://news.sun0769.com/dg/headnews/","website","html","true","success","原有/共用规则","成功","1","10","37","10","0","5","0","5","0","0","","","","e3f6940c-52f7-44b8-8566-f4fdc2ad4aa0-415535c6-0280-44a5-8aed-ed5dd01c4819-65905a4f-c852-4302-91fc-0998e10ff047.json","e3f6940c-52f7-44b8-8566-f4fdc2ad4aa0-415535c6-0280-44a5-8aed-ed5dd01c4819-65905a4f-c852-4302-91fc-0998e10ff047.log"
"ba0366d2-f9ce-42e7-8804-309018b8b4da","3354b7ab-400e-421f-9291-b9dbac1aa75f","大连新闻传媒集团","https://www.runsky.com/","website","html","true","success","原有/共用规则","成功","1","10","26","10","0","10","0","0","0","0","","","[32m2026-09-24 13:55:12[0m | [33m[1mWARNING [0m | [fetch] http 内容不足/疑似空壳，改用 playwright: https://www.runsky.com/2026-09/24/content_7107768.html
[32m2026-09-24 13:55:29[0m | [33m[1mWARNING [0m | [fetch] http 内容不足/疑似空壳，改用 playwright: https://www.runsky.com/2026-09/24/content_7107729.html
[32m2026-09-24 13:55:47[0m | [33m[1mWARNING [0m | [fetch] http 内容不足/疑似空壳，改用 playwright: https://www.runsky.com/2026-09/24/content_7107726.html
[32m2026-09-24 13:55:54[0m | [33m[1mWARNING [0m | [fetch] http 内容不足/疑似空壳，改用 playwright: https://www.runsky.com/2026-09/24/content_7107725.html
[32m2026-09-24 13:56:05[0m | [33m[1mWARNING [0m | [fetch] http 内容不足/疑似空壳，改用 playwright: https://www.runsky.com/2026-09/24/content_7107722.html
[32m2026-09-24 13:56:16[0m | [33m[1mWARNING [0m | [fetch] http 内容不足/疑似空壳，改用 playwright: https://www.runsky.com/2026-09/24/content_7107720.html
[32m2026-09-24 13:56:29[0m | [33m[1mWARNING [0m | [fetch] http 内容不足/疑似空壳，改用 playwright: https://www.runsky.com/2026-09/24/content_7107713.html","e3f6940c-52f7-44b8-8566-f4fdc2ad4aa0-ba0366d2-f9ce-42e7-8804-309018b8b4da-8a2e7afa-b2db-4dd8-8105-f3864e09236b.json","e3f6940c-52f7-44b8-8566-f4fdc2ad4aa0-ba0366d2-f9ce-42e7-8804-309018b8b4da-8a2e7afa-b2db-4dd8-8105-f3864e09236b.log"
"a866f38a-aa2d-443b-ba8c-f49e583bbbcc","9e880afd-a36a-40c6-9714-a27d128e25cd","贵州日报","https://www.ddcpc.cn/","website","html","true","success","原有/共用规则","成功","1","9","167","10","1","9","0","0","0","0","","","[32m2026-09-24 13:55:13[0m | [33m[1mWARNING [0m | [fetch] http 内容不足/疑似空壳，改用 playwright: http://www.ddcpc.cn/zhuanti/specialList.html?sid=200763
detail: Page.goto: Timeout 15000ms exceeded.
Call log:
  - navigating to ""http://www.ddcpc.cn/zhuanti/specialList.html?sid=200763"", waiting until ""networkidle""
","e3f6940c-52f7-44b8-8566-f4fdc2ad4aa0-a866f38a-aa2d-443b-ba8c-f49e583bbbcc-803d0184-e63b-4414-9bf3-7e80c13ad4f8.json","e3f6940c-52f7-44b8-8566-f4fdc2ad4aa0-a866f38a-aa2d-443b-ba8c-f49e583bbbcc-803d0184-e63b-4414-9bf3-7e80c13ad4f8.log"
"8dde8351-61ba-4476-9cb7-ee501944988b","8dc51d7f-70e7-4866-8d4b-092eee142ebc","辽宁广播电视台","http://news.nen.com.cn/","website","html","true","success","原有/共用规则","成功","1","10","40","10","0","10","0","0","0","0","","","","e3f6940c-52f7-44b8-8566-f4fdc2ad4aa0-8dde8351-61ba-4476-9cb7-ee501944988b-d52fb450-2f9d-4498-be2d-a291b7983cd0.json","e3f6940c-52f7-44b8-8566-f4fdc2ad4aa0-8dde8351-61ba-4476-9cb7-ee501944988b-d52fb450-2f9d-4498-be2d-a291b7983cd0.log"
"1c73c5de-a50d-4a3b-bdcd-3a30ee8e8820","d1f805e3-cf00-434b-99e1-a025a7c50ee4","辽宁日报","https://news.lnd.com.cn/","website","html","true","success","原有/共用规则","成功","1","10","34","10","0","8","0","2","0","0","","","","e3f6940c-52f7-44b8-8566-f4fdc2ad4aa0-1c73c5de-a50d-4a3b-bdcd-3a30ee8e8820-9009c079-d076-421c-a3c6-e68a0656ccdf.json","e3f6940c-52f7-44b8-8566-f4fdc2ad4aa0-1c73c5de-a50d-4a3b-bdcd-3a30ee8e8820-9009c079-d076-421c-a3c6-e68a0656ccdf.log"
"96266c07-c051-411c-90c1-572213cba632","3529bf46-b3f8-4be7-bfc7-4bcd3843cfc4","东莞广播电视台","https://news.sun0769.com/dg/headnews/","website","html","true","success","原有/共用规则","成功","1","10","37","10","0","0","0","10","0","0","","","","e3f6940c-52f7-44b8-8566-f4fdc2ad4aa0-96266c07-c051-411c-90c1-572213cba632-381a5c78-b9a4-4eb6-b453-3b51ffad9e26.json","e3f6940c-52f7-44b8-8566-f4fdc2ad4aa0-96266c07-c051-411c-90c1-572213cba632-381a5c78-b9a4-4eb6-b453-3b51ffad9e26.log"
"233879a9-5733-47f6-b295-149ed6334055","3529bf46-b3f8-4be7-bfc7-4bcd3843cfc4","东莞广播电视台","https://news.sun0769.com/dg/headnews/","website","html","true","success","原有/共用规则","成功","1","10","37","10","0","0","0","10","0","0","","","","e3f6940c-52f7-44b8-8566-f4fdc2ad4aa0-233879a9-5733-47f6-b295-149ed6334055-7f51b6a5-efc9-49f5-a9ea-11e3323438e9.json","e3f6940c-52f7-44b8-8566-f4fdc2ad4aa0-233879a9-5733-47f6-b295-149ed6334055-7f51b6a5-efc9-49f5-a9ea-11e3323438e9.log"
"4e9287bd-86da-404b-818b-fb03cf6872e5","3ca72104-30ce-4592-810c-5e06aeaa4a78","天津海河传媒中心（天津广播电视台）","http://tjtv.enorth.com.cn/","website","html","true","success","原有/共用规则","成功","1","10","42","10","0","6","0","4","0","0","","","","e3f6940c-52f7-44b8-8566-f4fdc2ad4aa0-4e9287bd-86da-404b-818b-fb03cf6872e5-dcfeb16f-c62a-443d-8f51-23eb0ab82e50.json","e3f6940c-52f7-44b8-8566-f4fdc2ad4aa0-4e9287bd-86da-404b-818b-fb03cf6872e5-dcfeb16f-c62a-443d-8f51-23eb0ab82e50.log"
"c2eba501-2be8-4f83-925c-86395c65baf8","b027702f-1c50-434a-971e-0d032727013e","常州广播电视台","https://www.cz001.com.cn/list/49","website","html","true","success","原有/共用规则","成功","1","10","45","10","0","10","0","0","0","0","","","","e3f6940c-52f7-44b8-8566-f4fdc2ad4aa0-c2eba501-2be8-4f83-925c-86395c65baf8-331eb880-93ba-4f90-b03f-aa9ef7c6cb1f.json","e3f6940c-52f7-44b8-8566-f4fdc2ad4aa0-c2eba501-2be8-4f83-925c-86395c65baf8-331eb880-93ba-4f90-b03f-aa9ef7c6cb1f.log"
"a12c64f1-a5f5-4d90-a748-c4f707854d44","0dbfb32e-0c32-4a79-ae3a-aede5232fe86","中国航天报","http://www.csn.spacechina.com/","website","html","true","success","原有/共用规则","成功","1","10","49","10","0","0","0","10","0","0","","","[32m2026-09-24 13:58:12[0m | [33m[1mWARNING [0m | [base] playwright 兜底失败 http://www.csn.spacechina.com/n473061/c3654140/content.html: Page.goto: Timeout 15000ms exceeded.","e3f6940c-52f7-44b8-8566-f4fdc2ad4aa0-a12c64f1-a5f5-4d90-a748-c4f707854d44-6b28e5af-81db-4d76-b91b-8abab7ccaeca.json","e3f6940c-52f7-44b8-8566-f4fdc2ad4aa0-a12c64f1-a5f5-4d90-a748-c4f707854d44-6b28e5af-81db-4d76-b91b-8abab7ccaeca.log"
"1c542c4d-689f-4e2d-838a-a49745a40917","111c1597-20fe-438c-bb44-31d551f71bbd","浙江广播电视集团","http://www.cztv.com","website","html","true","success","原有/共用规则","成功","1","6","39","10","4","5","0","1","0","0","","","[32m2026-09-24 13:57:32[0m | [33m[1mWARNING [0m | [base] playwright 兜底失败 https://www.cztv.com/leader/2887: Page.goto: Timeout 15000ms exceeded.
[32m2026-09-24 13:57:56[0m | [33m[1mWARNING [0m | [base] playwright 兜底失败 https://www.cztv.com/newsDetail/904244: Page.goto: Timeout 15000ms exceeded.
[32m2026-09-24 13:58:57[0m | [33m[1mWARNING [0m | [base] playwright 兜底失败 https://www.cztv.com/video/20097977/wh/horizontal_vod: Page.goto: Timeout 15000ms exceeded.
[32m2026-09-24 13:59:14[0m | [33m[1mWARNING [0m | [base] playwright 兜底失败 https://www.cztv.com/video/10065249/wh/horizontal_vod: Page.goto: Timeout 15000ms exceeded.
detail: Missing title or substantive body
detail: Missing title or substantive body
detail: Missing title or substantive body
detail: Missing title or substantive body","e3f6940c-52f7-44b8-8566-f4fdc2ad4aa0-1c542c4d-689f-4e2d-838a-a49745a40917-6a3fce4b-192b-4351-b5d9-2b080fa2a92f.json","e3f6940c-52f7-44b8-8566-f4fdc2ad4aa0-1c542c4d-689f-4e2d-838a-a49745a40917-6a3fce4b-192b-4351-b5d9-2b080fa2a92f.log"
"2c3210ab-d049-4b37-98b7-b53a9aa255b0","d9f2c0ac-13ee-4e08-ae85-cf7b888d1f64","中国纪检监察报","http://www.ccdi.gov.cn","website","html","true","success","generic配置","成功","1","9","75","10","1","9","0","0","0","0","","","[32m2026-09-24 13:57:25[0m | [33m[1mWARNING [0m | [fetch] http 内容不足/疑似空壳，改用 playwright: http://www.ccdi.gov.cn/yaowenn/202609/t20260924_514320.html
[32m2026-09-24 13:57:34[0m | [33m[1mWARNING [0m | [fetch] http 内容不足/疑似空壳，改用 playwright: http://www.ccdi.gov.cn/yaowenn/202609/t20260924_514316.html
[32m2026-09-24 13:57:38[0m | [33m[1mWARNING [0m | [fetch] http 内容不足/疑似空壳，改用 playwright: http://www.ccdi.gov.cn/yaowenn/202609/t20260924_514318.html
[32m2026-09-24 13:57:46[0m | [33m[1mWARNING [0m | [fetch] http 内容不足/疑似空壳，改用 playwright: http://www.ccdi.gov.cn/yaowenn/202609/t20260924_514322.html
[32m2026-09-24 13:57:56[0m | [33m[1mWARNING [0m | [fetch] http 内容不足/疑似空壳，改用 playwright: http://www.ccdi.gov.cn/yaowenn/202609/t20260924_514324.html
detail: Missing title or substantive body","e3f6940c-52f7-44b8-8566-f4fdc2ad4aa0-2c3210ab-d049-4b37-98b7-b53a9aa255b0-557c2368-e81e-4e41-b019-6d1eb29cba0f.json","e3f6940c-52f7-44b8-8566-f4fdc2ad4aa0-2c3210ab-d049-4b37-98b7-b53a9aa255b0-557c2368-e81e-4e41-b019-6d1eb29cba0f.log"
"e69e1ebd-f5ab-4113-af20-84b8c57b0338","91696414-b9ee-47ae-906d-bd3771bb3adc","沈阳日报","http://www.syd.com.cn","website","html","false","failed","原有/共用规则","配置缺失（未通过通用复用验证）","1","0","0","0","0","0","0","0","0","0","","configuration_missing","{""source_id"": ""e69e1ebd-f5ab-4113-af20-84b8c57b0338"", ""media_id"": ""91696414-b9ee-47ae-906d-bd3771bb3adc"", ""source_url"": ""http://www.syd.com.cn"", ""source_type"": ""website"", ""crawl_method"": ""html"", ""media"": ""沈阳日报"", ""run_id"": ""e3f6940c-52f7-44b8-8566-f4fdc2ad4aa0"", ""attempt_id"": ""27c700c3-d194-429a-9be8-3352ba611edf"", ""started_at"": ""2026-09-24T05:57:11.212601+00:00"", ""success"": false, ""retryable"": false, ""attempted"": 0, ""discovered"": 0, ""failures"": [], ""successful_bodies"": 0, ""entry_urls"": [], ""error_code"": ""configuration_missing"", ""error"": ""No scraper registered for 沈阳日报"", ""failed"": 0, ""ended_at"": ""2026-09-24T05:57:11.252867+00:00""}","e3f6940c-52f7-44b8-8566-f4fdc2ad4aa0-e69e1ebd-f5ab-4113-af20-84b8c57b0338-27c700c3-d194-429a-9be8-3352ba611edf.json","e3f6940c-52f7-44b8-8566-f4fdc2ad4aa0-e69e1ebd-f5ab-4113-af20-84b8c57b0338-27c700c3-d194-429a-9be8-3352ba611edf.log"
"aba72198-c379-4a91-b9bd-d63ff1c06957","a4e07cc2-9277-4d07-8809-15f59e088e22","福州日报社","http://www.fznews.com.cn","website","html","false","failed","原有/共用规则","配置缺失（未通过通用复用验证）","1","0","0","0","0","0","0","0","0","0","","configuration_missing","{""source_id"": ""aba72198-c379-4a91-b9bd-d63ff1c06957"", ""media_id"": ""a4e07cc2-9277-4d07-8809-15f59e088e22"", ""source_url"": ""http://www.fznews.com.cn"", ""source_type"": ""website"", ""crawl_method"": ""html"", ""media"": ""福州日报社"", ""run_id"": ""e3f6940c-52f7-44b8-8566-f4fdc2ad4aa0"", ""attempt_id"": ""67ce0959-3520-4f6f-b52e-0cfa51ac6c4b"", ""started_at"": ""2026-09-24T05:59:19.966203+00:00"", ""success"": false, ""retryable"": false, ""attempted"": 0, ""discovered"": 0, ""failures"": [], ""successful_bodies"": 0, ""entry_urls"": [], ""error_code"": ""configuration_missing"", ""error"": ""No scraper registered for 福州日报社"", ""failed"": 0, ""ended_at"": ""2026-09-24T05:59:20.007164+00:00""}","e3f6940c-52f7-44b8-8566-f4fdc2ad4aa0-aba72198-c379-4a91-b9bd-d63ff1c06957-67ce0959-3520-4f6f-b52e-0cfa51ac6c4b.json","e3f6940c-52f7-44b8-8566-f4fdc2ad4aa0-aba72198-c379-4a91-b9bd-d63ff1c06957-67ce0959-3520-4f6f-b52e-0cfa51ac6c4b.log"
"ac105550-3aec-46f4-9739-4d73b29ea091","5296caf5-2b0b-4205-b882-c13b3c12e233","陕西日报","http://www.sxdaily.com.cn","website","html","true","success","generic配置","成功","1","10","68","10","0","10","0","0","0","0","","","","e3f6940c-52f7-44b8-8566-f4fdc2ad4aa0-ac105550-3aec-46f4-9739-4d73b29ea091-8c78fb88-0a7b-481d-ac5a-6b2e28f3c5e8.json","e3f6940c-52f7-44b8-8566-f4fdc2ad4aa0-ac105550-3aec-46f4-9739-4d73b29ea091-8c78fb88-0a7b-481d-ac5a-6b2e28f3c5e8.log"
"7c30674b-a07c-42d9-ba06-22e4fb538867","ea16bfb0-384e-4d09-a00a-f543d7bd822b","北京日报","http://www.bjd.com.cn","website","html","true","success","generic配置","成功","1","10","77","10","0","7","0","3","0","0","","","","e3f6940c-52f7-44b8-8566-f4fdc2ad4aa0-7c30674b-a07c-42d9-ba06-22e4fb538867-22780116-73a7-452d-84c0-023e9adb0d67.json","e3f6940c-52f7-44b8-8566-f4fdc2ad4aa0-7c30674b-a07c-42d9-ba06-22e4fb538867-22780116-73a7-452d-84c0-023e9adb0d67.log"
"c48e42d3-ff35-4eaa-8b38-c2a6f41f9165","3d1d7222-8662-42ed-8d4b-0940dba54f6d","承德广播电视台","http://www.chengde.gov.cn","website","html","true","success","generic配置","成功","1","10","51","10","0","0","0","10","0","0","","","","e3f6940c-52f7-44b8-8566-f4fdc2ad4aa0-c48e42d3-ff35-4eaa-8b38-c2a6f41f9165-54c70caf-a3af-4100-8427-42e112aa1d84.json","e3f6940c-52f7-44b8-8566-f4fdc2ad4aa0-c48e42d3-ff35-4eaa-8b38-c2a6f41f9165-54c70caf-a3af-4100-8427-42e112aa1d84.log"
"3526b315-9247-428d-a089-e6e11b03b879","7645d54d-bae2-461a-862a-b8121499b847","吐鲁番日报","http://www.tlf.gov.cn","website","html","true","success","generic配置","成功","1","10","48","10","0","10","0","0","0","0","","","","e3f6940c-52f7-44b8-8566-f4fdc2ad4aa0-3526b315-9247-428d-a089-e6e11b03b879-dd8e0368-c6d1-48f1-b59d-b9b7edd0506d.json","e3f6940c-52f7-44b8-8566-f4fdc2ad4aa0-3526b315-9247-428d-a089-e6e11b03b879-dd8e0368-c6d1-48f1-b59d-b9b7edd0506d.log"
"b404c528-8930-4beb-b7a3-07e1c4bdb49a","629381a5-0666-4bb9-b05c-c3820e3c3b94","四川日报","http://www.scol.com.cn","website","html","true","success","generic配置","成功","1","9","152","10","1","0","0","9","0","0","","","detail: Client error '404 Not Found' for url 'https://www.scol.com.cn/zlts_tt/202609/83329926.html'
For more information check: https://developer.mozilla.org/en-US/docs/Web/HTTP/Status/404","e3f6940c-52f7-44b8-8566-f4fdc2ad4aa0-b404c528-8930-4beb-b7a3-07e1c4bdb49a-2a3b3514-bfa4-4c13-8d06-5e4bd390d7ed.json","e3f6940c-52f7-44b8-8566-f4fdc2ad4aa0-b404c528-8930-4beb-b7a3-07e1c4bdb49a-2a3b3514-bfa4-4c13-8d06-5e4bd390d7ed.log"
"6c3d2281-b98e-4870-9066-86fc6a3a618a","7e37bfdb-94cb-47e5-b372-ee718931094d","中国新闻社","http://www.chinanews.com.cn","website","html","true","success","generic配置","成功","1","10","185","10","0","10","0","0","0","0","","","","e3f6940c-52f7-44b8-8566-f4fdc2ad4aa0-6c3d2281-b98e-4870-9066-86fc6a3a618a-92598bb8-fb7f-4474-9d99-34124e66d5d5.json","e3f6940c-52f7-44b8-8566-f4fdc2ad4aa0-6c3d2281-b98e-4870-9066-86fc6a3a618a-92598bb8-fb7f-4474-9d99-34124e66d5d5.log"
"fddba8cb-abe9-4fb5-a62d-63a2c0c4268d","5e64a5bd-5dcc-4402-925e-11bcf414638d","求是","http://www.qstheory.cn","website","html","true","success","generic配置","成功","1","10","88","10","0","6","0","4","0","0","","","","e3f6940c-52f7-44b8-8566-f4fdc2ad4aa0-fddba8cb-abe9-4fb5-a62d-63a2c0c4268d-267d09ee-dd92-4d3a-b719-f8468be71a2d.json","e3f6940c-52f7-44b8-8566-f4fdc2ad4aa0-fddba8cb-abe9-4fb5-a62d-63a2c0c4268d-267d09ee-dd92-4d3a-b719-f8468be71a2d.log"
"a2efcfea-cd51-4294-b64a-325abf7f1369","bd760b1a-4d94-4ec0-9bb3-9c08592a2c7e","学习时报","http://www.studytimes.cn","website","html","true","success","generic配置","成功","1","10","109","10","0","10","0","0","0","0","","","","e3f6940c-52f7-44b8-8566-f4fdc2ad4aa0-a2efcfea-cd51-4294-b64a-325abf7f1369-79eb4231-6ff9-45b0-b861-7421c81fa4ac.json","e3f6940c-52f7-44b8-8566-f4fdc2ad4aa0-a2efcfea-cd51-4294-b64a-325abf7f1369-79eb4231-6ff9-45b0-b861-7421c81fa4ac.log"
"aa7ae184-3fbb-4ace-99c0-9e9b30f9df4d","648f29df-a491-4332-90e3-6fda61ba79fa","湄洲日报","http://www.ptxw.com","website","html","true","success","generic配置","成功","1","10","51","10","0","0","0","10","0","0","","","","e3f6940c-52f7-44b8-8566-f4fdc2ad4aa0-aa7ae184-3fbb-4ace-99c0-9e9b30f9df4d-7a7fa7b7-0fba-4c97-8951-c672518510a0.json","e3f6940c-52f7-44b8-8566-f4fdc2ad4aa0-aa7ae184-3fbb-4ace-99c0-9e9b30f9df4d-7a7fa7b7-0fba-4c97-8951-c672518510a0.log"
"bdc7ef1a-750c-4262-ac3d-6a2ed9d5443e","6f4a44ac-21ee-44de-b1b5-807f6e0a6237","中央广播电视总台","http://www.cctv.com","website","html","false","failed","原有/共用规则","配置缺失（未通过通用复用验证）","1","0","0","0","0","0","0","0","0","0","","configuration_missing","{""source_id"": ""bdc7ef1a-750c-4262-ac3d-6a2ed9d5443e"", ""media_id"": ""6f4a44ac-21ee-44de-b1b5-807f6e0a6237"", ""source_url"": ""http://www.cctv.com"", ""source_type"": ""website"", ""crawl_method"": ""html"", ""media"": ""中央广播电视总台"", ""run_id"": ""e3f6940c-52f7-44b8-8566-f4fdc2ad4aa0"", ""attempt_id"": ""136a7d99-893a-4b76-ad72-d461d67c5e02"", ""started_at"": ""2026-09-24T06:00:22.025773+00:00"", ""success"": false, ""retryable"": false, ""attempted"": 0, ""discovered"": 0, ""failures"": [], ""successful_bodies"": 0, ""entry_urls"": [], ""error_code"": ""configuration_missing"", ""error"": ""No scraper registered for 中央广播电视总台"", ""failed"": 0, ""ended_at"": ""2026-09-24T06:00:22.067138+00:00""}","e3f6940c-52f7-44b8-8566-f4fdc2ad4aa0-bdc7ef1a-750c-4262-ac3d-6a2ed9d5443e-136a7d99-893a-4b76-ad72-d461d67c5e02.json","e3f6940c-52f7-44b8-8566-f4fdc2ad4aa0-bdc7ef1a-750c-4262-ac3d-6a2ed9d5443e-136a7d99-893a-4b76-ad72-d461d67c5e02.log"
"c9e74975-16de-4d03-90c6-d4b3d58f44c0","d8899a65-7cc9-4707-876d-6ceb2aa00e52","河北广播电视台","http://www.hebtv.com","website","html","false","failed","原有/共用规则","配置缺失（未通过通用复用验证）","1","0","0","0","0","0","0","0","0","0","","configuration_missing","{""source_id"": ""c9e74975-16de-4d03-90c6-d4b3d58f44c0"", ""media_id"": ""d8899a65-7cc9-4707-876d-6ceb2aa00e52"", ""source_url"": ""http://www.hebtv.com"", ""source_type"": ""website"", ""crawl_method"": ""html"", ""media"": ""河北广播电视台"", ""run_id"": ""e3f6940c-52f7-44b8-8566-f4fdc2ad4aa0"", ""attempt_id"": ""670b737d-cc92-41b1-92c3-09765920b985"", ""started_at"": ""2026-09-24T06:00:22.043666+00:00"", ""success"": false, ""retryable"": false, ""attempted"": 0, ""discovered"": 0, ""failures"": [], ""successful_bodies"": 0, ""entry_urls"": [], ""error_code"": ""configuration_missing"", ""error"": ""No scraper registered for 河北广播电视台"", ""failed"": 0, ""ended_at"": ""2026-09-24T06:00:22.090845+00:00""}","e3f6940c-52f7-44b8-8566-f4fdc2ad4aa0-c9e74975-16de-4d03-90c6-d4b3d58f44c0-670b737d-cc92-41b1-92c3-09765920b985.json","e3f6940c-52f7-44b8-8566-f4fdc2ad4aa0-c9e74975-16de-4d03-90c6-d4b3d58f44c0-670b737d-cc92-41b1-92c3-09765920b985.log"
"0e09c24f-6e18-4b86-a89f-c0681d618000","c8ef46ce-4f9a-4043-b790-a1c6be1e8f5f","河北日报","http://hebnews.cn","website","html","false","failed","原有/共用规则","配置缺失（未通过通用复用验证）","1","0","0","0","0","0","0","0","0","0","","configuration_missing","{""source_id"": ""0e09c24f-6e18-4b86-a89f-c0681d618000"", ""media_id"": ""c8ef46ce-4f9a-4043-b790-a1c6be1e8f5f"", ""source_url"": ""http://hebnews.cn"", ""source_type"": ""website"", ""crawl_method"": ""html"", ""media"": ""河北日报"", ""run_id"": ""e3f6940c-52f7-44b8-8566-f4fdc2ad4aa0"", ""attempt_id"": ""1cd5c156-fcc8-427c-bd27-a31db840a990"", ""started_at"": ""2026-09-24T06:00:49.295654+00:00"", ""success"": false, ""retryable"": false, ""attempted"": 0, ""discovered"": 0, ""failures"": [], ""successful_bodies"": 0, ""entry_urls"": [], ""error_code"": ""configuration_missing"", ""error"": ""No scraper registered for 河北日报"", ""failed"": 0, ""ended_at"": ""2026-09-24T06:00:49.333111+00:00""}","e3f6940c-52f7-44b8-8566-f4fdc2ad4aa0-0e09c24f-6e18-4b86-a89f-c0681d618000-1cd5c156-fcc8-427c-bd27-a31db840a990.json","e3f6940c-52f7-44b8-8566-f4fdc2ad4aa0-0e09c24f-6e18-4b86-a89f-c0681d618000-1cd5c156-fcc8-427c-bd27-a31db840a990.log"
"edf92267-797e-4424-9542-9e138cd4feba","91a2278d-617e-4193-a817-a4cb00adfcd0","山西日报","http://www.sxrb.com","website","html","true","success","generic配置","成功","1","10","193","10","0","8","0","2","0","0","","","","e3f6940c-52f7-44b8-8566-f4fdc2ad4aa0-edf92267-797e-4424-9542-9e138cd4feba-71a7498a-612b-4150-ab1e-94c5014f67c2.json","e3f6940c-52f7-44b8-8566-f4fdc2ad4aa0-edf92267-797e-4424-9542-9e138cd4feba-71a7498a-612b-4150-ab1e-94c5014f67c2.log"
"ee3356a7-dfa4-447b-b636-cf39df7f4893","0fae45e4-46b7-4ece-9de9-8b5c25f47806","山西广播电视台","http://www.sxrtv.com","website","html","false","failed","原有/共用规则","配置缺失（未通过通用复用验证）","1","0","0","0","0","0","0","0","0","0","","configuration_missing","{""source_id"": ""ee3356a7-dfa4-447b-b636-cf39df7f4893"", ""media_id"": ""0fae45e4-46b7-4ece-9de9-8b5c25f47806"", ""source_url"": ""http://www.sxrtv.com"", ""source_type"": ""website"", ""crawl_method"": ""html"", ""media"": ""山西广播电视台"", ""run_id"": ""e3f6940c-52f7-44b8-8566-f4fdc2ad4aa0"", ""attempt_id"": ""42dea4a1-15b0-4101-98be-43b566e34129"", ""started_at"": ""2026-09-24T06:00:49.289152+00:00"", ""success"": false, ""retryable"": false, ""attempted"": 0, ""discovered"": 0, ""failures"": [], ""successful_bodies"": 0, ""entry_urls"": [], ""error_code"": ""configuration_missing"", ""error"": ""No scraper registered for 山西广播电视台"", ""failed"": 0, ""ended_at"": ""2026-09-24T06:00:49.331316+00:00""}","e3f6940c-52f7-44b8-8566-f4fdc2ad4aa0-ee3356a7-dfa4-447b-b636-cf39df7f4893-42dea4a1-15b0-4101-98be-43b566e34129.json","e3f6940c-52f7-44b8-8566-f4fdc2ad4aa0-ee3356a7-dfa4-447b-b636-cf39df7f4893-42dea4a1-15b0-4101-98be-43b566e34129.log"
"3e82b8c3-9c1b-40a7-bc68-b64bf738aff8","84500184-6a31-42fa-8c39-a33c57135057","上海广播电视台","http://www.smg.cn","website","html","false","failed","原有/共用规则","配置缺失（未通过通用复用验证）","1","0","0","0","0","0","0","0","0","0","","configuration_missing","{""source_id"": ""3e82b8c3-9c1b-40a7-bc68-b64bf738aff8"", ""media_id"": ""84500184-6a31-42fa-8c39-a33c57135057"", ""source_url"": ""http://www.smg.cn"", ""source_type"": ""website"", ""crawl_method"": ""html"", ""media"": ""上海广播电视台"", ""run_id"": ""e3f6940c-52f7-44b8-8566-f4fdc2ad4aa0"", ""attempt_id"": ""e8385b47-57c0-453b-a0d4-1eb7bf97bf75"", ""started_at"": ""2026-09-24T06:00:49.317830+00:00"", ""success"": false, ""retryable"": false, ""attempted"": 0, ""discovered"": 0, ""failures"": [], ""successful_bodies"": 0, ""entry_urls"": [], ""error_code"": ""configuration_missing"", ""error"": ""No scraper registered for 上海广播电视台"", ""failed"": 0, ""ended_at"": ""2026-09-24T06:00:49.354514+00:00""}","e3f6940c-52f7-44b8-8566-f4fdc2ad4aa0-3e82b8c3-9c1b-40a7-bc68-b64bf738aff8-e8385b47-57c0-453b-a0d4-1eb7bf97bf75.json","e3f6940c-52f7-44b8-8566-f4fdc2ad4aa0-3e82b8c3-9c1b-40a7-bc68-b64bf738aff8-e8385b47-57c0-453b-a0d4-1eb7bf97bf75.log"
"25e2a75a-8265-4546-8150-6f1fc205143f","add06f79-b43b-4526-9df6-ddcd68e4026d","新华日报","http://www.xhby.net","website","html","true","success","generic配置","成功","1","9","13","10","1","9","0","0","0","0","","","[32m2026-09-24 14:01:38[0m | [33m[1mWARNING [0m | [fetch] http 内容不足/疑似空壳，改用 playwright: https://www.xhby.net/content/s6ab49619e4b0f22f853cf17c.html
[32m2026-09-24 14:02:06[0m | [33m[1mWARNING [0m | [fetch] http 内容不足/疑似空壳，改用 playwright: https://www.xhby.net/content/s6ab481fde4b088096d2ebb69.html
detail: Page.goto: Timeout 15000ms exceeded.
Call log:
  - navigating to ""https://www.xhby.net/content/s6ab49619e4b0f22f853cf17c.html"", waiting until ""networkidle""
","e3f6940c-52f7-44b8-8566-f4fdc2ad4aa0-25e2a75a-8265-4546-8150-6f1fc205143f-c8e6500d-1a29-4b9b-8e29-8cf217fdd299.json","e3f6940c-52f7-44b8-8566-f4fdc2ad4aa0-25e2a75a-8265-4546-8150-6f1fc205143f-c8e6500d-1a29-4b9b-8e29-8cf217fdd299.log"
"51c8c6f1-faef-4957-b248-e98128214731","2105dbb8-6633-44ad-a6a8-b72b5e41a2de","中国江苏网","http://www.jschina.com.cn","website","html","false","failed","原有/共用规则","配置缺失（未通过通用复用验证）","1","0","0","0","0","0","0","0","0","0","","configuration_missing","{""source_id"": ""51c8c6f1-faef-4957-b248-e98128214731"", ""media_id"": ""2105dbb8-6633-44ad-a6a8-b72b5e41a2de"", ""source_url"": ""http://www.jschina.com.cn"", ""source_type"": ""website"", ""crawl_method"": ""html"", ""media"": ""中国江苏网"", ""run_id"": ""e3f6940c-52f7-44b8-8566-f4fdc2ad4aa0"", ""attempt_id"": ""cf145eec-1f1f-4649-a74b-2c0344763894"", ""started_at"": ""2026-09-24T06:01:07.686778+00:00"", ""success"": false, ""retryable"": false, ""attempted"": 0, ""discovered"": 0, ""failures"": [], ""successful_bodies"": 0, ""entry_urls"": [], ""error_code"": ""configuration_missing"", ""error"": ""No scraper registered for 中国江苏网"", ""failed"": 0, ""ended_at"": ""2026-09-24T06:01:07.729328+00:00""}","e3f6940c-52f7-44b8-8566-f4fdc2ad4aa0-51c8c6f1-faef-4957-b248-e98128214731-cf145eec-1f1f-4649-a74b-2c0344763894.json","e3f6940c-52f7-44b8-8566-f4fdc2ad4aa0-51c8c6f1-faef-4957-b248-e98128214731-cf145eec-1f1f-4649-a74b-2c0344763894.log"
"c9f01e1b-94f9-4c13-9669-b4815ecedcb7","0f30e346-0a6d-4692-8cf7-8ca7529237cc","江西广播电视台","http://www.jxgdw.cn","website","html","false","failed","原有/共用规则","配置缺失（未通过通用复用验证）","1","0","0","0","0","0","0","0","0","0","","configuration_missing","{""source_id"": ""c9f01e1b-94f9-4c13-9669-b4815ecedcb7"", ""media_id"": ""0f30e346-0a6d-4692-8cf7-8ca7529237cc"", ""source_url"": ""http://www.jxgdw.cn"", ""source_type"": ""website"", ""crawl_method"": ""html"", ""media"": ""江西广播电视台"", ""run_id"": ""e3f6940c-52f7-44b8-8566-f4fdc2ad4aa0"", ""attempt_id"": ""69706c22-5d0f-47f1-bc0f-851798d1d026"", ""started_at"": ""2026-09-24T06:01:07.717051+00:00"", ""success"": false, ""retryable"": false, ""attempted"": 0, ""discovered"": 0, ""failures"": [], ""successful_bodies"": 0, ""entry_urls"": [], ""error_code"": ""configuration_missing"", ""error"": ""No scraper registered for 江西广播电视台"", ""failed"": 0, ""ended_at"": ""2026-09-24T06:01:07.753306+00:00""}","e3f6940c-52f7-44b8-8566-f4fdc2ad4aa0-c9f01e1b-94f9-4c13-9669-b4815ecedcb7-69706c22-5d0f-47f1-bc0f-851798d1d026.json","e3f6940c-52f7-44b8-8566-f4fdc2ad4aa0-c9f01e1b-94f9-4c13-9669-b4815ecedcb7-69706c22-5d0f-47f1-bc0f-851798d1d026.log"
"e64be86c-98e8-4e00-848f-6f1c88b64675","d5e810ad-f278-421a-b0e3-229159700f94","重庆广播电视集团","http://www.cbg.cn","website","html","true","success","generic配置","成功","1","7","96","10","3","0","0","7","0","0","","","[32m2026-09-24 14:01:08[0m | [33m[1mWARNING [0m | [fetch] http 失败，准备 playwright: https://www.cbg.cn/list/4928/1.html -> Server disconnected without sending a response.
[32m2026-09-24 14:01:12[0m | [33m[1mWARNING [0m | [fetch] http 失败，准备 playwright: https://www.cbg.cn/show/5147-5791353.html -> Server disconnected without sending a response.
[32m2026-09-24 14:01:14[0m | [33m[1mWARNING [0m | [fetch] http 失败，准备 playwright: https://www.cbg.cn/show/5147-5791349.html -> Server disconnected without sending a response.
{""source_id"": ""e64be86c-98e8-4e00-848f-6f1c88b64675"", ""media_id"": ""d5e810ad-f278-421a-b0e3-229159700f94"", ""source_url"": ""http://www.cbg.cn"", ""source_type"": ""website"", ""crawl_method"": ""html"", ""media"": ""重庆广播电视集团"", ""run_id"": ""e3f6940c-52f7-44b8-8566-f4fdc2ad4aa0"", ""attempt_id"": ""04fb7186-aca3-4928-81ea-e50c97039b25"", ""started_at"": ""2026-09-24T06:01:07.714235+00:00"", ""success"": true, ""retryable"": false, ""attempted"": 10, ""discovered"": 96, ""failures"": [{""stage"": ""detail"", ""url"": ""https://www.cbg.cn/list/4928/1.html"", ""reason"": ""Page.goto: net::ERR_HTTP2_PROTOCOL_ERROR at https://www.cbg.cn/list/4928/1.html\nCall log:\n  - navigating to \""https://www.cbg.cn/list/4928/1.html\"", waiting until \""networkidle\""\n""}, {""stage"": ""detail"", ""url"": ""https://www.cbg.cn/show/5147-5791353.html"", ""reason"": ""Page.goto: net::ERR_HTTP2_PROTOCOL_ERROR at https://www.cbg.cn/show/5147-5791353.html\nCall log:\n  - navigating to \""https://www.cbg.cn/show/5147-5791353.html\"", waiting until \""networkidle\""\n""}, {""stage"": ""detail"", ""url"": ""https://www.cbg.cn/show/5147-5791349.html"", ""reason"": ""Page.goto: net::ERR_HTTP2_PROTOCOL_ERROR at https://www.cbg.cn/show/5147-5791349.html\nCall log:\n  - navigating to \""https://www.cbg.cn/show/5147-5791349.html\"", waiting until \""networkidle\""\n""}], ""successful_bodies"": 7, ""entry_urls"": [""http://www.cbg.cn""], ""ingest"": {""success"": true, ""schema_version"": ""article-v1"", ""sources"": 1, ""successSources"": 1, ""failedSources"": 0, ""inserted"": 0, ""updated"": 0, ""duplicated"": 7, ""invalid"": 0, ""failed"": 0, ""perSource"": [{""sourceId"": ""e64be86c-98e8-4e00-848f-6f1c88b64675"", ""ok"": true, ""inserted"": 0, ""updated"": 0, ""duplicated"": 7, ""invalid"": 0, ""failed"": 0, ""warnings"": []}]}, ""failed"": 3, ""ended_at"": ""2026-09-24T06:01:34.562895+00:00""}
detail: Page.goto: net::ERR_HTTP2_PROTOCOL_ERROR at https://www.cbg.cn/list/4928/1.html
Call log:
  - navigating to ""https://www.cbg.cn/list/4928/1.html"", waiting until ""networkidle""

detail: Page.goto: net::ERR_HTTP2_PROTOCOL_ERROR at https://www.cbg.cn/show/5147-5791353.html
Call log:
  - navigating to ""https://www.cbg.cn/show/5147-5791353.html"", waiting until ""networkidle""

detail: Page.goto: net::ERR_HTTP2_PROTOCOL_ERROR at https://www.cbg.cn/show/5147-5791349.html
Call log:
  - navigating to ""https://www.cbg.cn/show/5147-5791349.html"", waiting until ""networkidle""
","e3f6940c-52f7-44b8-8566-f4fdc2ad4aa0-e64be86c-98e8-4e00-848f-6f1c88b64675-04fb7186-aca3-4928-81ea-e50c97039b25.json","e3f6940c-52f7-44b8-8566-f4fdc2ad4aa0-e64be86c-98e8-4e00-848f-6f1c88b64675-04fb7186-aca3-4928-81ea-e50c97039b25.log"
"db53b904-5199-44e7-bc1e-f84f698b6f43","70f60567-7a72-4b51-987f-8ee6a21660e8","安徽广播电视台","http://www.ahtv.cn","website","html","false","failed","原有/共用规则","配置缺失（未通过通用复用验证）","1","0","0","0","0","0","0","0","0","0","","configuration_missing","{""source_id"": ""db53b904-5199-44e7-bc1e-f84f698b6f43"", ""media_id"": ""70f60567-7a72-4b51-987f-8ee6a21660e8"", ""source_url"": ""http://www.ahtv.cn"", ""source_type"": ""website"", ""crawl_method"": ""html"", ""media"": ""安徽广播电视台"", ""run_id"": ""e3f6940c-52f7-44b8-8566-f4fdc2ad4aa0"", ""attempt_id"": ""ed61183e-38f8-49db-97bf-5d7b7311f455"", ""started_at"": ""2026-09-24T06:02:33.462717+00:00"", ""success"": false, ""retryable"": false, ""attempted"": 0, ""discovered"": 0, ""failures"": [], ""successful_bodies"": 0, ""entry_urls"": [], ""error_code"": ""configuration_missing"", ""error"": ""No scraper registered for 安徽广播电视台"", ""failed"": 0, ""ended_at"": ""2026-09-24T06:02:33.498381+00:00""}","e3f6940c-52f7-44b8-8566-f4fdc2ad4aa0-db53b904-5199-44e7-bc1e-f84f698b6f43-ed61183e-38f8-49db-97bf-5d7b7311f455.json","e3f6940c-52f7-44b8-8566-f4fdc2ad4aa0-db53b904-5199-44e7-bc1e-f84f698b6f43-ed61183e-38f8-49db-97bf-5d7b7311f455.log"
"6b3e1417-6973-4fcb-bfd6-6acfc510b1f6","8460b917-a077-4d49-825b-0a8bd816ba66","贵州广播电视台","http://www.gzstv.com","website","html","false","failed","原有/共用规则","配置缺失（未通过通用复用验证）","1","0","0","0","0","0","0","0","0","0","","configuration_missing","{""source_id"": ""6b3e1417-6973-4fcb-bfd6-6acfc510b1f6"", ""media_id"": ""8460b917-a077-4d49-825b-0a8bd816ba66"", ""source_url"": ""http://www.gzstv.com"", ""source_type"": ""website"", ""crawl_method"": ""html"", ""media"": ""贵州广播电视台"", ""run_id"": ""e3f6940c-52f7-44b8-8566-f4fdc2ad4aa0"", ""attempt_id"": ""301ef258-a1a5-489c-937c-4539afa9edac"", ""started_at"": ""2026-09-24T06:02:33.469740+00:00"", ""success"": false, ""retryable"": false, ""attempted"": 0, ""discovered"": 0, ""failures"": [], ""successful_bodies"": 0, ""entry_urls"": [], ""error_code"": ""configuration_missing"", ""error"": ""No scraper registered for 贵州广播电视台"", ""failed"": 0, ""ended_at"": ""2026-09-24T06:02:33.511385+00:00""}","e3f6940c-52f7-44b8-8566-f4fdc2ad4aa0-6b3e1417-6973-4fcb-bfd6-6acfc510b1f6-301ef258-a1a5-489c-937c-4539afa9edac.json","e3f6940c-52f7-44b8-8566-f4fdc2ad4aa0-6b3e1417-6973-4fcb-bfd6-6acfc510b1f6-301ef258-a1a5-489c-937c-4539afa9edac.log"
"d6cf2deb-a181-4afd-8b07-1c0f7e90dee4","ea77f662-16b0-409e-80f1-70ef9e8bd71d","云南广播电视台","http://www.yntv.cn","website","html","false","failed","原有/共用规则","配置缺失（未通过通用复用验证）","1","0","0","0","0","0","0","0","0","0","","configuration_missing","{""source_id"": ""d6cf2deb-a181-4afd-8b07-1c0f7e90dee4"", ""media_id"": ""ea77f662-16b0-409e-80f1-70ef9e8bd71d"", ""source_url"": ""http://www.yntv.cn"", ""source_type"": ""website"", ""crawl_method"": ""html"", ""media"": ""云南广播电视台"", ""run_id"": ""e3f6940c-52f7-44b8-8566-f4fdc2ad4aa0"", ""attempt_id"": ""bcaf3445-cd5b-4416-bd85-80ae929c387f"", ""started_at"": ""2026-09-24T06:02:33.512770+00:00"", ""success"": false, ""retryable"": false, ""attempted"": 0, ""discovered"": 0, ""failures"": [], ""successful_bodies"": 0, ""entry_urls"": [], ""error_code"": ""configuration_missing"", ""error"": ""No scraper registered for 云南广播电视台"", ""failed"": 0, ""ended_at"": ""2026-09-24T06:02:33.554487+00:00""}","e3f6940c-52f7-44b8-8566-f4fdc2ad4aa0-d6cf2deb-a181-4afd-8b07-1c0f7e90dee4-bcaf3445-cd5b-4416-bd85-80ae929c387f.json","e3f6940c-52f7-44b8-8566-f4fdc2ad4aa0-d6cf2deb-a181-4afd-8b07-1c0f7e90dee4-bcaf3445-cd5b-4416-bd85-80ae929c387f.log"
"fb176cf9-f1f5-457d-b346-3aa30e253259","51650397-b16e-4b20-baa2-5b996785ef68","宁夏广播电视台","http://www.nxtv.com.cn","website","html","true","success","generic配置","成功","1","10","59","10","0","10","0","0","0","0","","","[32m2026-09-24 14:03:23[0m | [33m[1mWARNING [0m | [base] playwright 兜底失败 https://www.nxtv.com.cn/19/19yglmws/165356.shtml: Page.goto: Timeout 15000ms exceeded.","e3f6940c-52f7-44b8-8566-f4fdc2ad4aa0-fb176cf9-f1f5-457d-b346-3aa30e253259-06c4b9de-84c0-47c2-b6d1-573aa6e6275f.json","e3f6940c-52f7-44b8-8566-f4fdc2ad4aa0-fb176cf9-f1f5-457d-b346-3aa30e253259-06c4b9de-84c0-47c2-b6d1-573aa6e6275f.log"
"6f518a63-b136-4919-83aa-9db4058b0739","e1a06f69-691c-403a-8866-0a373bef182c","苏州日报社","http://www.subaonet.com","website","html","true","success","generic配置","成功","1","9","44","10","1","9","0","0","0","0","","","[32m2026-09-24 14:13:20[0m | [33m[1mWARNING [0m | [fetch] http 失败，准备 playwright: https://www.subaonet.com/2026/szms/0923/J1VwwLYr.html -> Server disconnected without sending a response.
detail: Page.goto: Timeout 15000ms exceeded.
Call log:
  - navigating to ""https://www.subaonet.com/2026/szms/0923/J1VwwLYr.html"", waiting until ""networkidle""
","e3f6940c-52f7-44b8-8566-f4fdc2ad4aa0-6f518a63-b136-4919-83aa-9db4058b0739-c8943ccb-db34-47b4-9bda-51f2ef912d74.json","e3f6940c-52f7-44b8-8566-f4fdc2ad4aa0-6f518a63-b136-4919-83aa-9db4058b0739-c8943ccb-db34-47b4-9bda-51f2ef912d74.log"
"f6deb4f6-0360-4bb4-a880-561eb551bf4c","d8782739-5d66-446d-b7dc-a8145babf0bc","无锡日报报业集团","http://www.wxrb.com","website","html","true","success","generic配置","成功","1","10","79","10","0","10","0","0","0","0","","","","e3f6940c-52f7-44b8-8566-f4fdc2ad4aa0-f6deb4f6-0360-4bb4-a880-561eb551bf4c-d2d509e5-d405-494f-bed9-7c55bb0770e9.json","e3f6940c-52f7-44b8-8566-f4fdc2ad4aa0-f6deb4f6-0360-4bb4-a880-561eb551bf4c-d2d509e5-d405-494f-bed9-7c55bb0770e9.log"
"fc7b783a-efbd-4081-b9a4-0cadadca9ea0","243344d4-fce9-4787-a32c-ad6f5291b194","长沙晚报社","http://www.icswb.com","website","html","false","failed","原有/共用规则","配置缺失（未通过通用复用验证）","1","0","0","0","0","0","0","0","0","0","","configuration_missing","{""source_id"": ""fc7b783a-efbd-4081-b9a4-0cadadca9ea0"", ""media_id"": ""243344d4-fce9-4787-a32c-ad6f5291b194"", ""source_url"": ""http://www.icswb.com"", ""source_type"": ""website"", ""crawl_method"": ""html"", ""media"": ""长沙晚报社"", ""run_id"": ""e3f6940c-52f7-44b8-8566-f4fdc2ad4aa0"", ""attempt_id"": ""df576e66-093b-4555-be87-3a20c341ddf5"", ""started_at"": ""2026-09-24T06:04:06.884076+00:00"", ""success"": false, ""retryable"": false, ""attempted"": 0, ""discovered"": 0, ""failures"": [], ""successful_bodies"": 0, ""entry_urls"": [], ""error_code"": ""configuration_missing"", ""error"": ""No scraper registered for 长沙晚报社"", ""failed"": 0, ""ended_at"": ""2026-09-24T06:04:06.936975+00:00""}","e3f6940c-52f7-44b8-8566-f4fdc2ad4aa0-fc7b783a-efbd-4081-b9a4-0cadadca9ea0-df576e66-093b-4555-be87-3a20c341ddf5.json","e3f6940c-52f7-44b8-8566-f4fdc2ad4aa0-fc7b783a-efbd-4081-b9a4-0cadadca9ea0-df576e66-093b-4555-be87-3a20c341ddf5.log"
"22c34aa8-0496-4354-a7e5-30c8715441e3","a3d48480-d15f-4103-9dd8-4ff96ccde282","青岛日报报业集团","http://www.qingdaonews.com","website","html","true","success","generic配置","成功","1","10","295","10","0","10","0","0","0","0","","","","e3f6940c-52f7-44b8-8566-f4fdc2ad4aa0-22c34aa8-0496-4354-a7e5-30c8715441e3-b390c7df-75b3-4e42-b15e-118128087eb7.json","e3f6940c-52f7-44b8-8566-f4fdc2ad4aa0-22c34aa8-0496-4354-a7e5-30c8715441e3-b390c7df-75b3-4e42-b15e-118128087eb7.log"
"adaefd5c-5c05-45b0-a063-c0295fc1f9ca","6f4a44ac-21ee-44de-b1b5-807f6e0a6237","中央广播电视总台","http://www.cctv.com","website","html","false","failed","原有/共用规则","配置缺失（未通过通用复用验证）","1","0","0","0","0","0","0","0","0","0","","configuration_missing","{""source_id"": ""adaefd5c-5c05-45b0-a063-c0295fc1f9ca"", ""media_id"": ""6f4a44ac-21ee-44de-b1b5-807f6e0a6237"", ""source_url"": ""http://www.cctv.com"", ""source_type"": ""website"", ""crawl_method"": ""html"", ""media"": ""中央广播电视总台"", ""run_id"": ""e3f6940c-52f7-44b8-8566-f4fdc2ad4aa0"", ""attempt_id"": ""dede78ff-ef26-4bcf-8926-10c0fab23934"", ""started_at"": ""2026-09-24T06:13:49.173119+00:00"", ""success"": false, ""retryable"": false, ""attempted"": 0, ""discovered"": 0, ""failures"": [], ""successful_bodies"": 0, ""entry_urls"": [], ""error_code"": ""configuration_missing"", ""error"": ""No scraper registered for 中央广播电视总台"", ""failed"": 0, ""ended_at"": ""2026-09-24T06:13:49.245630+00:00""}","e3f6940c-52f7-44b8-8566-f4fdc2ad4aa0-adaefd5c-5c05-45b0-a063-c0295fc1f9ca-dede78ff-ef26-4bcf-8926-10c0fab23934.json","e3f6940c-52f7-44b8-8566-f4fdc2ad4aa0-adaefd5c-5c05-45b0-a063-c0295fc1f9ca-dede78ff-ef26-4bcf-8926-10c0fab23934.log"
"e6f33de8-7d0c-411d-a11f-4c838faab4ff","ea07008d-9e15-4283-b05f-0e03adc77a8b","科技日报","http://www.stdaily.com","website","html","true","success","generic配置","成功","1","10","58","10","0","10","0","0","0","0","","","","e3f6940c-52f7-44b8-8566-f4fdc2ad4aa0-e6f33de8-7d0c-411d-a11f-4c838faab4ff-fdfb2561-802d-43be-8efa-3ac2e1d7da75.json","e3f6940c-52f7-44b8-8566-f4fdc2ad4aa0-e6f33de8-7d0c-411d-a11f-4c838faab4ff-fdfb2561-802d-43be-8efa-3ac2e1d7da75.log"
"696920cd-92cb-4bd2-9c2b-7022d5c9a97a","7e37bfdb-94cb-47e5-b372-ee718931094d","中国新闻社","http://www.chinanews.com.cn","website","html","true","success","generic配置","成功","1","10","185","10","0","0","0","10","0","0","","","","e3f6940c-52f7-44b8-8566-f4fdc2ad4aa0-696920cd-92cb-4bd2-9c2b-7022d5c9a97a-2a3ee974-f60a-47c9-9558-85c1d0d518d8.json","e3f6940c-52f7-44b8-8566-f4fdc2ad4aa0-696920cd-92cb-4bd2-9c2b-7022d5c9a97a-2a3ee974-f60a-47c9-9558-85c1d0d518d8.log"
"1cb985c0-cdaf-49b4-bd24-1123bb172cea","54e96b2b-25aa-4d86-9435-7145041356b3","工人日报","http://www.workercn.cn","website","html","true","success","generic配置","成功","1","10","167","10","0","10","0","0","0","0","","","","e3f6940c-52f7-44b8-8566-f4fdc2ad4aa0-1cb985c0-cdaf-49b4-bd24-1123bb172cea-519b9e93-369b-4248-b2f1-4511bb01010c.json","e3f6940c-52f7-44b8-8566-f4fdc2ad4aa0-1cb985c0-cdaf-49b4-bd24-1123bb172cea-519b9e93-369b-4248-b2f1-4511bb01010c.log"
"79db5362-50c8-4f24-bf9c-412bb2a29423","c9c53c02-70aa-457c-ba39-bd3af0b05220","中国妇女报","http://www.cnwomen.com.cn","website","html","true","success","generic配置","成功","1","10","263","10","0","9","0","1","0","0","","","","e3f6940c-52f7-44b8-8566-f4fdc2ad4aa0-79db5362-50c8-4f24-bf9c-412bb2a29423-aa4632fe-5f66-46f6-88fa-cfc1c66b17de.json","e3f6940c-52f7-44b8-8566-f4fdc2ad4aa0-79db5362-50c8-4f24-bf9c-412bb2a29423-aa4632fe-5f66-46f6-88fa-cfc1c66b17de.log"
"a26a69e8-3d75-4859-9a7e-d36a178497f3","d77d7043-06db-4ea6-b447-df265734e645","农民日报","http://www.farmer.com.cn","website","html","false","failed","原有/共用规则","配置缺失（未通过通用复用验证）","1","0","0","0","0","0","0","0","0","0","","configuration_missing","{""source_id"": ""a26a69e8-3d75-4859-9a7e-d36a178497f3"", ""media_id"": ""d77d7043-06db-4ea6-b447-df265734e645"", ""source_url"": ""http://www.farmer.com.cn"", ""source_type"": ""website"", ""crawl_method"": ""html"", ""media"": ""农民日报"", ""run_id"": ""e3f6940c-52f7-44b8-8566-f4fdc2ad4aa0"", ""attempt_id"": ""cd008b71-86c7-404b-a72c-5eac94beec9b"", ""started_at"": ""2026-09-24T06:14:19.935106+00:00"", ""success"": false, ""retryable"": false, ""attempted"": 0, ""discovered"": 0, ""failures"": [], ""successful_bodies"": 0, ""entry_urls"": [], ""error_code"": ""configuration_missing"", ""error"": ""No scraper registered for 农民日报"", ""failed"": 0, ""ended_at"": ""2026-09-24T06:14:19.998775+00:00""}","e3f6940c-52f7-44b8-8566-f4fdc2ad4aa0-a26a69e8-3d75-4859-9a7e-d36a178497f3-cd008b71-86c7-404b-a72c-5eac94beec9b.json","e3f6940c-52f7-44b8-8566-f4fdc2ad4aa0-a26a69e8-3d75-4859-9a7e-d36a178497f3-cd008b71-86c7-404b-a72c-5eac94beec9b.log"
"47cc51ca-0879-4f42-9ca1-fa3ddbe9deed","5e64a5bd-5dcc-4402-925e-11bcf414638d","求是","http://www.qstheory.cn","website","html","true","success","generic配置","成功","1","10","88","10","0","0","0","10","0","0","","","","e3f6940c-52f7-44b8-8566-f4fdc2ad4aa0-47cc51ca-0879-4f42-9ca1-fa3ddbe9deed-54f565fb-47c0-4460-99cb-3b28c721c98b.json","e3f6940c-52f7-44b8-8566-f4fdc2ad4aa0-47cc51ca-0879-4f42-9ca1-fa3ddbe9deed-54f565fb-47c0-4460-99cb-3b28c721c98b.log"
"025e7bbd-6973-4a45-8cef-d7aaa3255e0c","bd760b1a-4d94-4ec0-9bb3-9c08592a2c7e","学习时报","http://www.studytimes.cn","website","html","true","success","generic配置","成功","1","10","109","10","0","0","0","10","0","0","","","","e3f6940c-52f7-44b8-8566-f4fdc2ad4aa0-025e7bbd-6973-4a45-8cef-d7aaa3255e0c-a023ccb2-d326-49e6-9bc4-ee41bd6a2caf.json","e3f6940c-52f7-44b8-8566-f4fdc2ad4aa0-025e7bbd-6973-4a45-8cef-d7aaa3255e0c-a023ccb2-d326-49e6-9bc4-ee41bd6a2caf.log"
"19e19f93-ce54-4b8b-8fb3-78eecde9ea36","c8ef46ce-4f9a-4043-b790-a1c6be1e8f5f","河北日报","http://hebnews.cn","website","html","false","failed","原有/共用规则","配置缺失（未通过通用复用验证）","1","0","0","0","0","0","0","0","0","0","","configuration_missing","{""source_id"": ""19e19f93-ce54-4b8b-8fb3-78eecde9ea36"", ""media_id"": ""c8ef46ce-4f9a-4043-b790-a1c6be1e8f5f"", ""source_url"": ""http://hebnews.cn"", ""source_type"": ""website"", ""crawl_method"": ""html"", ""media"": ""河北日报"", ""run_id"": ""e3f6940c-52f7-44b8-8566-f4fdc2ad4aa0"", ""attempt_id"": ""36cd49eb-1363-4cf5-bacf-549cbbd01d48"", ""started_at"": ""2026-09-24T06:14:54.165353+00:00"", ""success"": false, ""retryable"": false, ""attempted"": 0, ""discovered"": 0, ""failures"": [], ""successful_bodies"": 0, ""entry_urls"": [], ""error_code"": ""configuration_missing"", ""error"": ""No scraper registered for 河北日报"", ""failed"": 0, ""ended_at"": ""2026-09-24T06:14:54.232070+00:00""}","e3f6940c-52f7-44b8-8566-f4fdc2ad4aa0-19e19f93-ce54-4b8b-8fb3-78eecde9ea36-36cd49eb-1363-4cf5-bacf-549cbbd01d48.json","e3f6940c-52f7-44b8-8566-f4fdc2ad4aa0-19e19f93-ce54-4b8b-8fb3-78eecde9ea36-36cd49eb-1363-4cf5-bacf-549cbbd01d48.log"
"a02cc683-e0c5-4fb3-b519-cb5ed9f20d2b","d8899a65-7cc9-4707-876d-6ceb2aa00e52","河北广播电视台","http://www.hebtv.com","website","html","false","failed","原有/共用规则","配置缺失（未通过通用复用验证）","1","0","0","0","0","0","0","0","0","0","","configuration_missing","{""source_id"": ""a02cc683-e0c5-4fb3-b519-cb5ed9f20d2b"", ""media_id"": ""d8899a65-7cc9-4707-876d-6ceb2aa00e52"", ""source_url"": ""http://www.hebtv.com"", ""source_type"": ""website"", ""crawl_method"": ""html"", ""media"": ""河北广播电视台"", ""run_id"": ""e3f6940c-52f7-44b8-8566-f4fdc2ad4aa0"", ""attempt_id"": ""e3f9185d-2995-4ff4-b3e2-8894de6b129e"", ""started_at"": ""2026-09-24T06:14:54.176654+00:00"", ""success"": false, ""retryable"": false, ""attempted"": 0, ""discovered"": 0, ""failures"": [], ""successful_bodies"": 0, ""entry_urls"": [], ""error_code"": ""configuration_missing"", ""error"": ""No scraper registered for 河北广播电视台"", ""failed"": 0, ""ended_at"": ""2026-09-24T06:14:54.242448+00:00""}","e3f6940c-52f7-44b8-8566-f4fdc2ad4aa0-a02cc683-e0c5-4fb3-b519-cb5ed9f20d2b-e3f9185d-2995-4ff4-b3e2-8894de6b129e.json","e3f6940c-52f7-44b8-8566-f4fdc2ad4aa0-a02cc683-e0c5-4fb3-b519-cb5ed9f20d2b-e3f9185d-2995-4ff4-b3e2-8894de6b129e.log"
"a7eecada-fb58-4d73-8864-d70792dc46a4","91a2278d-617e-4193-a817-a4cb00adfcd0","山西日报","http://www.sxrb.com","website","html","false","failed","generic配置","后端入库校验/接收失败","1","10","193","10","0","0","0","0","0","0","","ingest_failed","ingest: 数据源不存在","e3f6940c-52f7-44b8-8566-f4fdc2ad4aa0-a7eecada-fb58-4d73-8864-d70792dc46a4-55675764-4724-416d-9e97-a1568c98cda1.json","e3f6940c-52f7-44b8-8566-f4fdc2ad4aa0-a7eecada-fb58-4d73-8864-d70792dc46a4-55675764-4724-416d-9e97-a1568c98cda1.log"
"72b79bb9-729f-4ffc-b123-d78454a1d3b8","0fae45e4-46b7-4ece-9de9-8b5c25f47806","山西广播电视台","http://www.sxrtv.com","website","html","false","failed","原有/共用规则","配置缺失（未通过通用复用验证）","1","0","0","0","0","0","0","0","0","0","","configuration_missing","{""source_id"": ""72b79bb9-729f-4ffc-b123-d78454a1d3b8"", ""media_id"": ""0fae45e4-46b7-4ece-9de9-8b5c25f47806"", ""source_url"": ""http://www.sxrtv.com"", ""source_type"": ""website"", ""crawl_method"": ""html"", ""media"": ""山西广播电视台"", ""run_id"": ""e3f6940c-52f7-44b8-8566-f4fdc2ad4aa0"", ""attempt_id"": ""ef072393-9db1-47c8-aab1-5daa7ee5f2e4"", ""started_at"": ""2026-09-24T06:14:54.238312+00:00"", ""success"": false, ""retryable"": false, ""attempted"": 0, ""discovered"": 0, ""failures"": [], ""successful_bodies"": 0, ""entry_urls"": [], ""error_code"": ""configuration_missing"", ""error"": ""No scraper registered for 山西广播电视台"", ""failed"": 0, ""ended_at"": ""2026-09-24T06:14:54.292854+00:00""}","e3f6940c-52f7-44b8-8566-f4fdc2ad4aa0-72b79bb9-729f-4ffc-b123-d78454a1d3b8-ef072393-9db1-47c8-aab1-5daa7ee5f2e4.json","e3f6940c-52f7-44b8-8566-f4fdc2ad4aa0-72b79bb9-729f-4ffc-b123-d78454a1d3b8-ef072393-9db1-47c8-aab1-5daa7ee5f2e4.log"
"9efe1520-f823-4068-9be0-2d3594095542","84500184-6a31-42fa-8c39-a33c57135057","上海广播电视台","http://www.smg.cn","website","html","false","failed","原有/共用规则","配置缺失（未通过通用复用验证）","1","0","0","0","0","0","0","0","0","0","","configuration_missing","{""source_id"": ""9efe1520-f823-4068-9be0-2d3594095542"", ""media_id"": ""84500184-6a31-42fa-8c39-a33c57135057"", ""source_url"": ""http://www.smg.cn"", ""source_type"": ""website"", ""crawl_method"": ""html"", ""media"": ""上海广播电视台"", ""run_id"": ""e3f6940c-52f7-44b8-8566-f4fdc2ad4aa0"", ""attempt_id"": ""c4d99e11-8b5c-4b34-88d5-3e9b1897c26a"", ""started_at"": ""2026-09-24T06:15:41.666378+00:00"", ""success"": false, ""retryable"": false, ""attempted"": 0, ""discovered"": 0, ""failures"": [], ""successful_bodies"": 0, ""entry_urls"": [], ""error_code"": ""configuration_missing"", ""error"": ""No scraper registered for 上海广播电视台"", ""failed"": 0, ""ended_at"": ""2026-09-24T06:15:41.733026+00:00""}","e3f6940c-52f7-44b8-8566-f4fdc2ad4aa0-9efe1520-f823-4068-9be0-2d3594095542-c4d99e11-8b5c-4b34-88d5-3e9b1897c26a.json","e3f6940c-52f7-44b8-8566-f4fdc2ad4aa0-9efe1520-f823-4068-9be0-2d3594095542-c4d99e11-8b5c-4b34-88d5-3e9b1897c26a.log"
"6d77e808-c44b-4304-a114-ea8cde202f8f","add06f79-b43b-4526-9df6-ddcd68e4026d","新华日报","http://www.xhby.net","website","html","true","success","generic配置","成功","1","8","13","10","2","0","0","8","0","0","","","[32m2026-09-24 14:16:12[0m | [33m[1mWARNING [0m | [base] playwright 兜底失败 https://www.xhby.net/content/s6ab4785ce4b04ba60ca523db.html: Page.goto: Timeout 15000ms exceeded.
[32m2026-09-24 14:16:34[0m | [33m[1mWARNING [0m | [base] playwright 兜底失败 https://www.xhby.net/content/s6ab49435e4b086d2d5fed8c5.html: Page.goto: Timeout 15000ms exceeded.
[32m2026-09-24 14:16:38[0m | [33m[1mWARNING [0m | [fetch] http 内容不足/疑似空壳，改用 playwright: https://www.xhby.net/content/s6ab49619e4b0f22f853cf17c.html
[32m2026-09-24 14:17:13[0m | [33m[1mWARNING [0m | [fetch] http 内容不足/疑似空壳，改用 playwright: https://www.xhby.net/content/s6ab481fde4b088096d2ebb69.html
[32m2026-09-24 14:17:46[0m | [33m[1mWARNING [0m | [base] playwright 兜底失败 https://www.xhby.net/content/s6ab4800fe4b088096d2ebb5f.html: Page.goto: Timeout 15000ms exceeded.
detail: Missing title or substantive body
detail: Page.goto: Timeout 15000ms exceeded.
Call log:
  - navigating to ""https://www.xhby.net/content/s6ab49619e4b0f22f853cf17c.html"", waiting until ""networkidle""
","e3f6940c-52f7-44b8-8566-f4fdc2ad4aa0-6d77e808-c44b-4304-a114-ea8cde202f8f-19e9ece8-2be3-4f91-87e0-b065a96b1bb1.json","e3f6940c-52f7-44b8-8566-f4fdc2ad4aa0-6d77e808-c44b-4304-a114-ea8cde202f8f-19e9ece8-2be3-4f91-87e0-b065a96b1bb1.log"
"db73920f-9887-4ab6-a6bc-dc8682b40455","2105dbb8-6633-44ad-a6a8-b72b5e41a2de","中国江苏网","http://www.jschina.com.cn","website","html","false","failed","原有/共用规则","配置缺失（未通过通用复用验证）","1","0","0","0","0","0","0","0","0","0","","configuration_missing","{""source_id"": ""db73920f-9887-4ab6-a6bc-dc8682b40455"", ""media_id"": ""2105dbb8-6633-44ad-a6a8-b72b5e41a2de"", ""source_url"": ""http://www.jschina.com.cn"", ""source_type"": ""website"", ""crawl_method"": ""html"", ""media"": ""中国江苏网"", ""run_id"": ""e3f6940c-52f7-44b8-8566-f4fdc2ad4aa0"", ""attempt_id"": ""e5b7046a-ed9d-4482-8283-9293a3df877f"", ""started_at"": ""2026-09-24T06:15:41.701599+00:00"", ""success"": false, ""retryable"": false, ""attempted"": 0, ""discovered"": 0, ""failures"": [], ""successful_bodies"": 0, ""entry_urls"": [], ""error_code"": ""configuration_missing"", ""error"": ""No scraper registered for 中国江苏网"", ""failed"": 0, ""ended_at"": ""2026-09-24T06:15:41.766011+00:00""}","e3f6940c-52f7-44b8-8566-f4fdc2ad4aa0-db73920f-9887-4ab6-a6bc-dc8682b40455-e5b7046a-ed9d-4482-8283-9293a3df877f.json","e3f6940c-52f7-44b8-8566-f4fdc2ad4aa0-db73920f-9887-4ab6-a6bc-dc8682b40455-e5b7046a-ed9d-4482-8283-9293a3df877f.log"
"b128a33b-3860-400e-b2e8-2e941d8e81d2","70f60567-7a72-4b51-987f-8ee6a21660e8","安徽广播电视台","http://www.ahtv.cn","website","html","false","failed","原有/共用规则","配置缺失（未通过通用复用验证）","1","0","0","0","0","0","0","0","0","0","","configuration_missing","{""source_id"": ""b128a33b-3860-400e-b2e8-2e941d8e81d2"", ""media_id"": ""70f60567-7a72-4b51-987f-8ee6a21660e8"", ""source_url"": ""http://www.ahtv.cn"", ""source_type"": ""website"", ""crawl_method"": ""html"", ""media"": ""安徽广播电视台"", ""run_id"": ""e3f6940c-52f7-44b8-8566-f4fdc2ad4aa0"", ""attempt_id"": ""907a2f5c-3f15-4185-a87c-a63a61ac45ca"", ""started_at"": ""2026-09-24T06:15:41.726153+00:00"", ""success"": false, ""retryable"": false, ""attempted"": 0, ""discovered"": 0, ""failures"": [], ""successful_bodies"": 0, ""entry_urls"": [], ""error_code"": ""configuration_missing"", ""error"": ""No scraper registered for 安徽广播电视台"", ""failed"": 0, ""ended_at"": ""2026-09-24T06:15:41.795554+00:00""}","e3f6940c-52f7-44b8-8566-f4fdc2ad4aa0-b128a33b-3860-400e-b2e8-2e941d8e81d2-907a2f5c-3f15-4185-a87c-a63a61ac45ca.json","e3f6940c-52f7-44b8-8566-f4fdc2ad4aa0-b128a33b-3860-400e-b2e8-2e941d8e81d2-907a2f5c-3f15-4185-a87c-a63a61ac45ca.log"
"baeb412b-6e2f-4380-b8bc-fd70d9a60045","0f30e346-0a6d-4692-8cf7-8ca7529237cc","江西广播电视台","http://www.jxgdw.cn","website","html","false","failed","原有/共用规则","配置缺失（未通过通用复用验证）","1","0","0","0","0","0","0","0","0","0","","configuration_missing","{""source_id"": ""baeb412b-6e2f-4380-b8bc-fd70d9a60045"", ""media_id"": ""0f30e346-0a6d-4692-8cf7-8ca7529237cc"", ""source_url"": ""http://www.jxgdw.cn"", ""source_type"": ""website"", ""crawl_method"": ""html"", ""media"": ""江西广播电视台"", ""run_id"": ""e3f6940c-52f7-44b8-8566-f4fdc2ad4aa0"", ""attempt_id"": ""7a3d237f-fa56-4b3d-aa11-73ccc7e3cdd3"", ""started_at"": ""2026-09-24T06:18:09.648018+00:00"", ""success"": false, ""retryable"": false, ""attempted"": 0, ""discovered"": 0, ""failures"": [], ""successful_bodies"": 0, ""entry_urls"": [], ""error_code"": ""configuration_missing"", ""error"": ""No scraper registered for 江西广播电视台"", ""failed"": 0, ""ended_at"": ""2026-09-24T06:18:09.754166+00:00""}","e3f6940c-52f7-44b8-8566-f4fdc2ad4aa0-baeb412b-6e2f-4380-b8bc-fd70d9a60045-7a3d237f-fa56-4b3d-aa11-73ccc7e3cdd3.json","e3f6940c-52f7-44b8-8566-f4fdc2ad4aa0-baeb412b-6e2f-4380-b8bc-fd70d9a60045-7a3d237f-fa56-4b3d-aa11-73ccc7e3cdd3.log"
"36f7fbcd-50ea-4f93-8822-ae6f6c13b541","a3d48480-d15f-4103-9dd8-4ff96ccde282","青岛日报报业集团","http://www.qingdaonews.com","website","html","true","success","generic配置","成功","1","10","295","10","0","0","0","10","0","0","","","","e3f6940c-52f7-44b8-8566-f4fdc2ad4aa0-36f7fbcd-50ea-4f93-8822-ae6f6c13b541-9e76e4e8-55e9-4675-93e5-f1cd89f20dce.json","e3f6940c-52f7-44b8-8566-f4fdc2ad4aa0-36f7fbcd-50ea-4f93-8822-ae6f6c13b541-9e76e4e8-55e9-4675-93e5-f1cd89f20dce.log"
"24106efe-5518-4b83-9e83-79c750e50fbe","ea77f662-16b0-409e-80f1-70ef9e8bd71d","云南广播电视台","http://www.yntv.cn","website","html","false","failed","原有/共用规则","配置缺失（未通过通用复用验证）","1","0","0","0","0","0","0","0","0","0","","configuration_missing","{""source_id"": ""24106efe-5518-4b83-9e83-79c750e50fbe"", ""media_id"": ""ea77f662-16b0-409e-80f1-70ef9e8bd71d"", ""source_url"": ""http://www.yntv.cn"", ""source_type"": ""website"", ""crawl_method"": ""html"", ""media"": ""云南广播电视台"", ""run_id"": ""e3f6940c-52f7-44b8-8566-f4fdc2ad4aa0"", ""attempt_id"": ""b1735ce1-3f77-4669-b672-8360e0af8e28"", ""started_at"": ""2026-09-24T06:18:09.682771+00:00"", ""success"": false, ""retryable"": false, ""attempted"": 0, ""discovered"": 0, ""failures"": [], ""successful_bodies"": 0, ""entry_urls"": [], ""error_code"": ""configuration_missing"", ""error"": ""No scraper registered for 云南广播电视台"", ""failed"": 0, ""ended_at"": ""2026-09-24T06:18:09.788668+00:00""}","e3f6940c-52f7-44b8-8566-f4fdc2ad4aa0-24106efe-5518-4b83-9e83-79c750e50fbe-b1735ce1-3f77-4669-b672-8360e0af8e28.json","e3f6940c-52f7-44b8-8566-f4fdc2ad4aa0-24106efe-5518-4b83-9e83-79c750e50fbe-b1735ce1-3f77-4669-b672-8360e0af8e28.log"
"4b2f2ca9-8ec1-4271-a6a2-caba0d208576","2b177acf-d7e4-4385-aa7d-031168cbf64d","榆林日报","http://www.ylrb.com","website","html","false","failed","原有/共用规则","配置缺失（未通过通用复用验证）","1","0","0","0","0","0","0","0","0","0","","configuration_missing","{""source_id"": ""4b2f2ca9-8ec1-4271-a6a2-caba0d208576"", ""media_id"": ""2b177acf-d7e4-4385-aa7d-031168cbf64d"", ""source_url"": ""http://www.ylrb.com"", ""source_type"": ""website"", ""crawl_method"": ""html"", ""media"": ""榆林日报"", ""run_id"": ""e3f6940c-52f7-44b8-8566-f4fdc2ad4aa0"", ""attempt_id"": ""1aad8d67-f23a-4f9c-9f1a-a07afc068a6e"", ""started_at"": ""2026-09-24T06:18:09.724560+00:00"", ""success"": false, ""retryable"": false, ""attempted"": 0, ""discovered"": 0, ""failures"": [], ""successful_bodies"": 0, ""entry_urls"": [], ""error_code"": ""configuration_missing"", ""error"": ""No scraper registered for 榆林日报"", ""failed"": 0, ""ended_at"": ""2026-09-24T06:18:09.839130+00:00""}","e3f6940c-52f7-44b8-8566-f4fdc2ad4aa0-4b2f2ca9-8ec1-4271-a6a2-caba0d208576-1aad8d67-f23a-4f9c-9f1a-a07afc068a6e.json","e3f6940c-52f7-44b8-8566-f4fdc2ad4aa0-4b2f2ca9-8ec1-4271-a6a2-caba0d208576-1aad8d67-f23a-4f9c-9f1a-a07afc068a6e.log"
"4c97f4f1-aeea-4ef1-899e-9509fdd966d8","5296caf5-2b0b-4205-b882-c13b3c12e233","陕西日报","http://www.sxdaily.com.cn","website","html","true","success","generic配置","成功","1","10","68","10","0","0","0","10","0","0","","","[32m2026-09-24 14:19:38[0m | [33m[1mWARNING [0m | [base] playwright 兜底失败 https://www.sxdaily.com.cn/2026-09/24/content_20131303.html: Page.goto: Timeout 15000ms exceeded.","e3f6940c-52f7-44b8-8566-f4fdc2ad4aa0-4c97f4f1-aeea-4ef1-899e-9509fdd966d8-21a7ea4f-fcc0-45f7-b5a2-87a460e04832.json","e3f6940c-52f7-44b8-8566-f4fdc2ad4aa0-4c97f4f1-aeea-4ef1-899e-9509fdd966d8-21a7ea4f-fcc0-45f7-b5a2-87a460e04832.log"
"71800c5f-47f5-4b22-8d0f-e56caaf70cce","91696414-b9ee-47ae-906d-bd3771bb3adc","沈阳日报","http://www.syd.com.cn","website","html","false","failed","原有/共用规则","配置缺失（未通过通用复用验证）","1","0","0","0","0","0","0","0","0","0","","configuration_missing","{""source_id"": ""71800c5f-47f5-4b22-8d0f-e56caaf70cce"", ""media_id"": ""91696414-b9ee-47ae-906d-bd3771bb3adc"", ""source_url"": ""http://www.syd.com.cn"", ""source_type"": ""website"", ""crawl_method"": ""html"", ""media"": ""沈阳日报"", ""run_id"": ""e3f6940c-52f7-44b8-8566-f4fdc2ad4aa0"", ""attempt_id"": ""688f8d2f-41d9-4999-a612-1d4f78019647"", ""started_at"": ""2026-09-24T06:18:53.428941+00:00"", ""success"": false, ""retryable"": false, ""attempted"": 0, ""discovered"": 0, ""failures"": [], ""successful_bodies"": 0, ""entry_urls"": [], ""error_code"": ""configuration_missing"", ""error"": ""No scraper registered for 沈阳日报"", ""failed"": 0, ""ended_at"": ""2026-09-24T06:18:53.526720+00:00""}","e3f6940c-52f7-44b8-8566-f4fdc2ad4aa0-71800c5f-47f5-4b22-8d0f-e56caaf70cce-688f8d2f-41d9-4999-a612-1d4f78019647.json","e3f6940c-52f7-44b8-8566-f4fdc2ad4aa0-71800c5f-47f5-4b22-8d0f-e56caaf70cce-688f8d2f-41d9-4999-a612-1d4f78019647.log"
"e33acb19-46e7-4497-8272-0b98d3949b74","7645d54d-bae2-461a-862a-b8121499b847","吐鲁番日报","http://www.tlf.gov.cn","website","html","true","success","generic配置","成功","1","10","48","10","0","0","0","10","0","0","","","","e3f6940c-52f7-44b8-8566-f4fdc2ad4aa0-e33acb19-46e7-4497-8272-0b98d3949b74-5767e024-8af7-44da-b64a-c2634a49629e.json","e3f6940c-52f7-44b8-8566-f4fdc2ad4aa0-e33acb19-46e7-4497-8272-0b98d3949b74-5767e024-8af7-44da-b64a-c2634a49629e.log"
"8defe366-e756-42f6-859c-ea2bf98e9cc4","51650397-b16e-4b20-baa2-5b996785ef68","宁夏广播电视台","http://www.nxtv.com.cn","website","html","true","success","generic配置","成功","1","10","59","10","0","0","1","9","0","0","","","","e3f6940c-52f7-44b8-8566-f4fdc2ad4aa0-8defe366-e756-42f6-859c-ea2bf98e9cc4-d362ec45-5a35-4507-8965-cce314ab9421.json","e3f6940c-52f7-44b8-8566-f4fdc2ad4aa0-8defe366-e756-42f6-859c-ea2bf98e9cc4-d362ec45-5a35-4507-8965-cce314ab9421.log"
"c1a8577e-adfe-4ee6-aa97-d5efceefcb65","e1a06f69-691c-403a-8866-0a373bef182c","苏州日报社","http://www.subaonet.com","website","html","true","success","generic配置","成功","1","10","44","10","0","1","0","9","0","0","","","","e3f6940c-52f7-44b8-8566-f4fdc2ad4aa0-c1a8577e-adfe-4ee6-aa97-d5efceefcb65-5f614699-0ffa-4fa0-897c-3042b9baa868.json","e3f6940c-52f7-44b8-8566-f4fdc2ad4aa0-c1a8577e-adfe-4ee6-aa97-d5efceefcb65-5f614699-0ffa-4fa0-897c-3042b9baa868.log"
"88db6c96-e629-41aa-af16-c42f08219c04","d8782739-5d66-446d-b7dc-a8145babf0bc","无锡日报报业集团","http://www.wxrb.com","website","html","true","success","generic配置","成功","1","10","79","10","0","0","0","10","0","0","","","","e3f6940c-52f7-44b8-8566-f4fdc2ad4aa0-88db6c96-e629-41aa-af16-c42f08219c04-7828a61a-3ccb-46c7-beba-4ff46cef6ab9.json","e3f6940c-52f7-44b8-8566-f4fdc2ad4aa0-88db6c96-e629-41aa-af16-c42f08219c04-7828a61a-3ccb-46c7-beba-4ff46cef6ab9.log"
"8ffa92a9-f80e-4b4e-afe5-21a5f845c235","a4e07cc2-9277-4d07-8809-15f59e088e22","福州日报社","http://www.fznews.com.cn","website","html","false","failed","原有/共用规则","配置缺失（未通过通用复用验证）","1","0","0","0","0","0","0","0","0","0","","configuration_missing","{""source_id"": ""8ffa92a9-f80e-4b4e-afe5-21a5f845c235"", ""media_id"": ""a4e07cc2-9277-4d07-8809-15f59e088e22"", ""source_url"": ""http://www.fznews.com.cn"", ""source_type"": ""website"", ""crawl_method"": ""html"", ""media"": ""福州日报社"", ""run_id"": ""e3f6940c-52f7-44b8-8566-f4fdc2ad4aa0"", ""attempt_id"": ""1475ce6c-ff3b-4ad3-889a-5ca95c4ab6c1"", ""started_at"": ""2026-09-24T06:20:37.871755+00:00"", ""success"": false, ""retryable"": false, ""attempted"": 0, ""discovered"": 0, ""failures"": [], ""successful_bodies"": 0, ""entry_urls"": [], ""error_code"": ""configuration_missing"", ""error"": ""No scraper registered for 福州日报社"", ""failed"": 0, ""ended_at"": ""2026-09-24T06:20:37.984532+00:00""}","e3f6940c-52f7-44b8-8566-f4fdc2ad4aa0-8ffa92a9-f80e-4b4e-afe5-21a5f845c235-1475ce6c-ff3b-4ad3-889a-5ca95c4ab6c1.json","e3f6940c-52f7-44b8-8566-f4fdc2ad4aa0-8ffa92a9-f80e-4b4e-afe5-21a5f845c235-1475ce6c-ff3b-4ad3-889a-5ca95c4ab6c1.log"
"2a2eee38-a807-4771-b510-4831d7e41e23","c94bae33-0e38-465f-9ce2-f82f31095a5f","泰州广播电视台","https://www.mytaizhou.net/","website","html","false","failed","原有/共用规则","配置缺失（未通过通用复用验证）","1","0","0","0","0","0","0","0","0","0","","configuration_missing","{""source_id"": ""2a2eee38-a807-4771-b510-4831d7e41e23"", ""media_id"": ""c94bae33-0e38-465f-9ce2-f82f31095a5f"", ""source_url"": ""https://www.mytaizhou.net/"", ""source_type"": ""website"", ""crawl_method"": ""html"", ""media"": ""泰州广播电视台"", ""run_id"": ""e3f6940c-52f7-44b8-8566-f4fdc2ad4aa0"", ""attempt_id"": ""ac9d8714-27ec-404a-b4ec-bdfc223118d3"", ""started_at"": ""2026-09-24T06:20:37.898849+00:00"", ""success"": false, ""retryable"": false, ""attempted"": 0, ""discovered"": 0, ""failures"": [], ""successful_bodies"": 0, ""entry_urls"": [], ""error_code"": ""configuration_missing"", ""error"": ""No scraper registered for 泰州广播电视台"", ""failed"": 0, ""ended_at"": ""2026-09-24T06:20:38.010043+00:00""}","e3f6940c-52f7-44b8-8566-f4fdc2ad4aa0-2a2eee38-a807-4771-b510-4831d7e41e23-ac9d8714-27ec-404a-b4ec-bdfc223118d3.json","e3f6940c-52f7-44b8-8566-f4fdc2ad4aa0-2a2eee38-a807-4771-b510-4831d7e41e23-ac9d8714-27ec-404a-b4ec-bdfc223118d3.log"
"296bf4a5-e959-4c12-9636-2cd8f5883b1d","e6733651-51d8-4e8b-a155-fab58275a37a","海南广播电视总台","https://www.bluehn.com/","website","html","true","success","generic配置","成功","1","10","41","10","0","6","0","4","0","0","","","","e3f6940c-52f7-44b8-8566-f4fdc2ad4aa0-296bf4a5-e959-4c12-9636-2cd8f5883b1d-eefaea4f-94c8-4320-bdec-c1d3aaedd3bd.json","e3f6940c-52f7-44b8-8566-f4fdc2ad4aa0-296bf4a5-e959-4c12-9636-2cd8f5883b1d-eefaea4f-94c8-4320-bdec-c1d3aaedd3bd.log"
"f12289a0-2e8b-4838-9c13-09b7b2410c76","5801bac8-ccc0-42dd-8cd3-14e583a7a245","青海广播电视台","https://www.qhbtv.com.cn/","website","html","true","success","generic配置","成功","1","10","159","10","0","10","0","0","0","0","","","","e3f6940c-52f7-44b8-8566-f4fdc2ad4aa0-f12289a0-2e8b-4838-9c13-09b7b2410c76-6ba3852e-342b-4285-8f58-a1817acb959c.json","e3f6940c-52f7-44b8-8566-f4fdc2ad4aa0-f12289a0-2e8b-4838-9c13-09b7b2410c76-6ba3852e-342b-4285-8f58-a1817acb959c.log"
"1954afb6-db52-4715-b4e1-51150a5183f6","8340ddea-f0a7-46a0-9032-59baaccd9c0d","澎湃新闻","https://www.thepaper.cn","website","html","false","failed","generic配置","非新闻 App 下载误识别（超时）","3","0","","","","0","0","0","0","0","missing_report","worker_no_report","","e3f6940c-52f7-44b8-8566-f4fdc2ad4aa0-1954afb6-db52-4715-b4e1-51150a5183f6-2403872b-6e46-40df-9360-12917de5c81d.json","e3f6940c-52f7-44b8-8566-f4fdc2ad4aa0-1954afb6-db52-4715-b4e1-51150a5183f6-2403872b-6e46-40df-9360-12917de5c81d.log"
"0bc828f6-4dba-42b1-b7a2-40f26f8295fd","0fbc62c6-8b98-47b1-b244-7377e3487e6c","长江日报","http://www.cjn.cn","website","html","true","success","generic配置","成功","1","10","18","10","0","10","0","0","0","0","","","","e3f6940c-52f7-44b8-8566-f4fdc2ad4aa0-0bc828f6-4dba-42b1-b7a2-40f26f8295fd-d623183e-5526-4b5b-8cdf-76bcd8b7cab8.json","e3f6940c-52f7-44b8-8566-f4fdc2ad4aa0-0bc828f6-4dba-42b1-b7a2-40f26f8295fd-d623183e-5526-4b5b-8cdf-76bcd8b7cab8.log"
"1c89bfc7-71e0-478a-9f20-c2d357f05749","cfd0c75c-8846-4ef9-bfeb-890452a5833c","湖南日报","http://www.voc.com.cn","website","html","true","success","generic配置","成功","1","10","130","10","0","10","0","0","0","0","","","[32m2026-09-24 14:42:47[0m | [33m[1mWARNING [0m | [base] playwright 兜底失败 https://xuexi.voc.com.cn/news/202609/33839659.html: Page.goto: Timeout 15000ms exceeded.
[32m2026-09-24 14:43:05[0m | [33m[1mWARNING [0m | [base] playwright 兜底失败 https://xuexi.voc.com.cn/news/202609/33839874.html: Page.goto: Timeout 15000ms exceeded.","e3f6940c-52f7-44b8-8566-f4fdc2ad4aa0-1c89bfc7-71e0-478a-9f20-c2d357f05749-195020e2-aadf-496b-ad34-8b2b0dc32306.json","e3f6940c-52f7-44b8-8566-f4fdc2ad4aa0-1c89bfc7-71e0-478a-9f20-c2d357f05749-195020e2-aadf-496b-ad34-8b2b0dc32306.log"
"11ffaa86-6b60-43df-a3e7-a59f461854ce","e6733651-51d8-4e8b-a155-fab58275a37a","海南广播电视总台","http://www.hntv.tv","website","html","false","failed","原有/共用规则","配置缺失（未通过通用复用验证）","1","0","0","0","0","0","0","0","0","0","","configuration_missing","{""source_id"": ""11ffaa86-6b60-43df-a3e7-a59f461854ce"", ""media_id"": ""e6733651-51d8-4e8b-a155-fab58275a37a"", ""source_url"": ""http://www.hntv.tv"", ""source_type"": ""website"", ""crawl_method"": ""html"", ""media"": ""海南广播电视总台"", ""run_id"": ""e3f6940c-52f7-44b8-8566-f4fdc2ad4aa0"", ""attempt_id"": ""f0140073-09df-48ab-a601-cd5cba4ae514"", ""started_at"": ""2026-09-24T06:42:24.314263+00:00"", ""success"": false, ""retryable"": false, ""attempted"": 0, ""discovered"": 0, ""failures"": [], ""successful_bodies"": 0, ""entry_urls"": [], ""error_code"": ""configuration_missing"", ""error"": ""No scraper registered for 海南广播电视总台"", ""failed"": 0, ""ended_at"": ""2026-09-24T06:42:24.422880+00:00""}","e3f6940c-52f7-44b8-8566-f4fdc2ad4aa0-11ffaa86-6b60-43df-a3e7-a59f461854ce-f0140073-09df-48ab-a601-cd5cba4ae514.json","e3f6940c-52f7-44b8-8566-f4fdc2ad4aa0-11ffaa86-6b60-43df-a3e7-a59f461854ce-f0140073-09df-48ab-a601-cd5cba4ae514.log"
"da0a95b1-ea0b-465d-bd3d-4ea146d00a94","26789265-f88c-47d8-a30d-bec664b22355","济南广播电视台","http://www.e23.cn","website","html","true","success","generic配置","成功","1","10","74","10","0","10","0","0","0","0","","","","e3f6940c-52f7-44b8-8566-f4fdc2ad4aa0-da0a95b1-ea0b-465d-bd3d-4ea146d00a94-9d97c86f-afb7-4c9f-86a4-115e764f089d.json","e3f6940c-52f7-44b8-8566-f4fdc2ad4aa0-da0a95b1-ea0b-465d-bd3d-4ea146d00a94-9d97c86f-afb7-4c9f-86a4-115e764f089d.log"
"7a0caa4d-ff34-4063-8439-356ae774e0e2","ff0e8737-3a4f-47f5-b97e-7ad8e2de83a5","深圳报业集团","http://www.sznews.com","website","html","true","success","generic配置","成功","1","10","200","10","0","4","0","6","0","0","","","","e3f6940c-52f7-44b8-8566-f4fdc2ad4aa0-7a0caa4d-ff34-4063-8439-356ae774e0e2-4eaa732f-29ee-4d0d-9096-e515b4a8bb1b.json","e3f6940c-52f7-44b8-8566-f4fdc2ad4aa0-7a0caa4d-ff34-4063-8439-356ae774e0e2-4eaa732f-29ee-4d0d-9096-e515b4a8bb1b.log"
"ff679027-1451-45a2-89a1-3e18c389e79a","7152abd8-cc2b-4b46-ae05-df10e02ce25d","重庆日报","http://www.cqnews.net","website","html","true","success","generic配置","成功","2","10","154","10","0","7","0","3","0","0","","","[32m2026-09-24 15:45:36[0m | [33m[1mWARNING [0m | [base] playwright 兜底失败 https://www.cqnews.net/web/content_1552635446264860672.html: Page.goto: Timeout 15000ms exceeded.","e3f6940c-52f7-44b8-8566-f4fdc2ad4aa0-ff679027-1451-45a2-89a1-3e18c389e79a-4783d3ee-3649-40c6-9db1-89dc05644c98.json","e3f6940c-52f7-44b8-8566-f4fdc2ad4aa0-ff679027-1451-45a2-89a1-3e18c389e79a-4783d3ee-3649-40c6-9db1-89dc05644c98.log"
"01c122dd-2489-4f96-985d-f6e364eca45f","d8eb91ec-b093-4f15-941e-4ee8d4b3448a","三峡日报","http://www.cn3x.com.cn","website","html","true","success","generic配置","成功","1","10","31","10","0","10","0","0","0","0","","","","e3f6940c-52f7-44b8-8566-f4fdc2ad4aa0-01c122dd-2489-4f96-985d-f6e364eca45f-57b1e9b9-1fd6-42de-8d44-4911952d12e5.json","e3f6940c-52f7-44b8-8566-f4fdc2ad4aa0-01c122dd-2489-4f96-985d-f6e364eca45f-57b1e9b9-1fd6-42de-8d44-4911952d12e5.log"
"3994763a-0708-4c33-88ad-ea51991bdd1b","af998816-98e2-4114-b64e-71742048c06c","四川广播电视台","http://www.sctv.com","website","html","true","success","generic配置","成功","1","10","36","10","0","10","0","0","0","0","","","","e3f6940c-52f7-44b8-8566-f4fdc2ad4aa0-3994763a-0708-4c33-88ad-ea51991bdd1b-1c97e46b-2800-4834-abf6-57d91c289ffc.json","e3f6940c-52f7-44b8-8566-f4fdc2ad4aa0-3994763a-0708-4c33-88ad-ea51991bdd1b-1c97e46b-2800-4834-abf6-57d91c289ffc.log"
"2dfa3495-262b-426c-a49a-57b9bb6c12bc","78426f53-ffb5-4ef2-9f20-7c71fdcc3588","陕西广播电视台","http://www.sxtvs.com","website","html","true","success","generic配置","成功","1","10","14","10","0","5","0","5","0","0","","","","e3f6940c-52f7-44b8-8566-f4fdc2ad4aa0-2dfa3495-262b-426c-a49a-57b9bb6c12bc-b47aae8f-62c0-44e4-b5bd-201f2489d5ea.json","e3f6940c-52f7-44b8-8566-f4fdc2ad4aa0-2dfa3495-262b-426c-a49a-57b9bb6c12bc-b47aae8f-62c0-44e4-b5bd-201f2489d5ea.log"
"fd7bb5eb-7a02-45c2-8ddb-755ef0808f01","b12a8d29-b9cd-4305-b4da-6509fdeb52b6","甘肃日报","http://gansudaily.com.cn","website","html","true","success","generic配置","成功","1","10","107","10","0","10","0","0","0","0","","","[32m2026-09-24 15:46:10[0m | [33m[1mWARNING [0m | [fetch] http 内容不足/疑似空壳，改用 playwright: https://china.gansudaily.com.cn/system/2026/09/23/031437285.shtml
[32m2026-09-24 15:46:23[0m | [33m[1mWARNING [0m | [fetch] http 内容不足/疑似空壳，改用 playwright: https://china.gansudaily.com.cn/system/2026/09/23/031437287.shtml
[32m2026-09-24 15:46:35[0m | [33m[1mWARNING [0m | [fetch] http 内容不足/疑似空壳，改用 playwright: https://china.gansudaily.com.cn/system/2026/09/23/031437074.shtml
[32m2026-09-24 15:46:45[0m | [33m[1mWARNING [0m | [fetch] http 内容不足/疑似空壳，改用 playwright: https://china.gansudaily.com.cn/system/2026/09/23/031437076.shtml
[32m2026-09-24 15:46:55[0m | [33m[1mWARNING [0m | [fetch] http 内容不足/疑似空壳，改用 playwright: https://china.gansudaily.com.cn/system/2026/09/23/031437291.shtml
[32m2026-09-24 15:47:05[0m | [33m[1mWARNING [0m | [fetch] http 内容不足/疑似空壳，改用 playwright: https://china.gansudaily.com.cn/system/2026/09/23/031437297.shtml
[32m2026-09-24 15:47:14[0m | [33m[1mWARNING [0m | [fetch] http 内容不足/疑似空壳，改用 playwright: https://china.gansudaily.com.cn/system/2026/09/23/031437293.shtml
[32m2026-09-24 15:47:24[0m | [33m[1mWARNING [0m | [fetch] http 内容不足/疑似空壳，改用 playwright: https://china.gansudaily.com.cn/system/2026/09/23/031437295.shtml
[32m2026-09-24 15:47:32[0m | [33m[1mWARNING [0m | [fetch] http 内容不足/疑似空壳，改用 playwright: https://china.gansudaily.com.cn/system/2026/09/23/031437289.shtml","e3f6940c-52f7-44b8-8566-f4fdc2ad4aa0-fd7bb5eb-7a02-45c2-8ddb-755ef0808f01-03a37747-5555-4614-9ba0-5ef54aacbaa7.json","e3f6940c-52f7-44b8-8566-f4fdc2ad4aa0-fd7bb5eb-7a02-45c2-8ddb-755ef0808f01-03a37747-5555-4614-9ba0-5ef54aacbaa7.log"
"5aa968b9-2ba4-4224-b4d8-0e211c59bb4a","9f9f11a1-9ad7-482a-a939-a0a73eae2498","青海日报","http://www.qhnews.com","website","html","false","failed","原有/共用规则","配置缺失（未通过通用复用验证）","1","0","0","0","0","0","0","0","0","0","","configuration_missing","{""source_id"": ""5aa968b9-2ba4-4224-b4d8-0e211c59bb4a"", ""media_id"": ""9f9f11a1-9ad7-482a-a939-a0a73eae2498"", ""source_url"": ""http://www.qhnews.com"", ""source_type"": ""website"", ""crawl_method"": ""html"", ""media"": ""青海日报"", ""run_id"": ""e3f6940c-52f7-44b8-8566-f4fdc2ad4aa0"", ""attempt_id"": ""430f8694-3698-4ff0-b149-edb24603ed9a"", ""started_at"": ""2026-09-24T07:46:07.763036+00:00"", ""success"": false, ""retryable"": false, ""attempted"": 0, ""discovered"": 0, ""failures"": [], ""successful_bodies"": 0, ""entry_urls"": [], ""error_code"": ""configuration_missing"", ""error"": ""No scraper registered for 青海日报"", ""failed"": 0, ""ended_at"": ""2026-09-24T07:46:07.844249+00:00""}","e3f6940c-52f7-44b8-8566-f4fdc2ad4aa0-5aa968b9-2ba4-4224-b4d8-0e211c59bb4a-430f8694-3698-4ff0-b149-edb24603ed9a.json","e3f6940c-52f7-44b8-8566-f4fdc2ad4aa0-5aa968b9-2ba4-4224-b4d8-0e211c59bb4a-430f8694-3698-4ff0-b149-edb24603ed9a.log"
"ce10b415-2b18-4dbc-a4d1-ed4fe2ac71f7","66fb35f0-84d1-494c-971c-c00a97177ba6","南京广播电视台","http://www.nbs.cn","website","html","false","failed","原有/共用规则","配置缺失（未通过通用复用验证）","1","0","0","0","0","0","0","0","0","0","","configuration_missing","{""source_id"": ""ce10b415-2b18-4dbc-a4d1-ed4fe2ac71f7"", ""media_id"": ""66fb35f0-84d1-494c-971c-c00a97177ba6"", ""source_url"": ""http://www.nbs.cn"", ""source_type"": ""website"", ""crawl_method"": ""html"", ""media"": ""南京广播电视台"", ""run_id"": ""e3f6940c-52f7-44b8-8566-f4fdc2ad4aa0"", ""attempt_id"": ""f176f0a9-2983-40c9-914a-b095a5ff75ea"", ""started_at"": ""2026-09-24T07:46:07.738058+00:00"", ""success"": false, ""retryable"": false, ""attempted"": 0, ""discovered"": 0, ""failures"": [], ""successful_bodies"": 0, ""entry_urls"": [], ""error_code"": ""configuration_missing"", ""error"": ""No scraper registered for 南京广播电视台"", ""failed"": 0, ""ended_at"": ""2026-09-24T07:46:07.814660+00:00""}","e3f6940c-52f7-44b8-8566-f4fdc2ad4aa0-ce10b415-2b18-4dbc-a4d1-ed4fe2ac71f7-f176f0a9-2983-40c9-914a-b095a5ff75ea.json","e3f6940c-52f7-44b8-8566-f4fdc2ad4aa0-ce10b415-2b18-4dbc-a4d1-ed4fe2ac71f7-f176f0a9-2983-40c9-914a-b095a5ff75ea.log"
"ad7a164d-2508-4afd-a3ac-a1da99f24c5a","23178c9a-b916-4a03-9dce-079eb426ee21","苏州广播电视总台","http://www.csztv.cn","website","html","true","success","generic配置","成功","1","10","14","10","0","6","0","4","0","0","","","","e3f6940c-52f7-44b8-8566-f4fdc2ad4aa0-ad7a164d-2508-4afd-a3ac-a1da99f24c5a-0cda25fd-ba6d-4f49-be52-bb9e9ae7cf7d.json","e3f6940c-52f7-44b8-8566-f4fdc2ad4aa0-ad7a164d-2508-4afd-a3ac-a1da99f24c5a-0cda25fd-ba6d-4f49-be52-bb9e9ae7cf7d.log"
"dcbb89ca-777c-4ecf-835f-91ab445b908b","1868d59d-c4e4-41b2-a188-37abb88a75b6","宁波日报报业集团","http://nbjt.cnnb.com.cn","website","html","true","success","generic配置","成功","1","10","17","10","0","3","0","7","0","0","","","","e3f6940c-52f7-44b8-8566-f4fdc2ad4aa0-dcbb89ca-777c-4ecf-835f-91ab445b908b-fbd673af-cd7a-4fe5-8cfa-6965daa3097c.json","e3f6940c-52f7-44b8-8566-f4fdc2ad4aa0-dcbb89ca-777c-4ecf-835f-91ab445b908b-fbd673af-cd7a-4fe5-8cfa-6965daa3097c.log"
"dc290974-b8b6-4de0-b317-b0e183148422","2c78ef92-7057-40c9-b2b3-759a474c9ef6","合肥报业传媒集团","http://www.hf365.com","website","html","false","failed","原有/共用规则","配置缺失（未通过通用复用验证）","1","0","0","0","0","0","0","0","0","0","","configuration_missing","{""source_id"": ""dc290974-b8b6-4de0-b317-b0e183148422"", ""media_id"": ""2c78ef92-7057-40c9-b2b3-759a474c9ef6"", ""source_url"": ""http://www.hf365.com"", ""source_type"": ""website"", ""crawl_method"": ""html"", ""media"": ""合肥报业传媒集团"", ""run_id"": ""e3f6940c-52f7-44b8-8566-f4fdc2ad4aa0"", ""attempt_id"": ""09049181-3225-40fd-8b00-7d8ba09e803c"", ""started_at"": ""2026-09-24T07:47:49.457722+00:00"", ""success"": false, ""retryable"": false, ""attempted"": 0, ""discovered"": 0, ""failures"": [], ""successful_bodies"": 0, ""entry_urls"": [], ""error_code"": ""configuration_missing"", ""error"": ""No scraper registered for 合肥报业传媒集团"", ""failed"": 0, ""ended_at"": ""2026-09-24T07:47:49.526853+00:00""}","e3f6940c-52f7-44b8-8566-f4fdc2ad4aa0-dc290974-b8b6-4de0-b317-b0e183148422-09049181-3225-40fd-8b00-7d8ba09e803c.json","e3f6940c-52f7-44b8-8566-f4fdc2ad4aa0-dc290974-b8b6-4de0-b317-b0e183148422-09049181-3225-40fd-8b00-7d8ba09e803c.log"
"34357650-ec67-4c9a-8b01-f6a4f338c30b","0fbc62c6-8b98-47b1-b244-7377e3487e6c","长江日报","http://www.cjn.cn","website","html","false","failed","generic配置","HTTP 5xx（站点或代理）","1","0","0","0","0","0","0","0","0","0","","empty_list","[32m2026-09-24 15:47:50[0m | [33m[1mWARNING [0m | [fetch] http 失败，准备 playwright: http://www.cjn.cn -> Server error '502 Bad Gateway' for url 'http://www.cjn.cn'","e3f6940c-52f7-44b8-8566-f4fdc2ad4aa0-34357650-ec67-4c9a-8b01-f6a4f338c30b-f7b49242-a0ae-4493-aafe-1086591f391a.json","e3f6940c-52f7-44b8-8566-f4fdc2ad4aa0-34357650-ec67-4c9a-8b01-f6a4f338c30b-f7b49242-a0ae-4493-aafe-1086591f391a.log"
"0bae6817-0fd9-4e75-97bf-f9e073e34fe0","c1e36ab9-79ca-40fe-a824-6dbb26c6cf83","湖北日报","http://www.hbnews.net","website","html","false","failed","原有/共用规则","配置缺失（未通过通用复用验证）","1","0","0","0","0","0","0","0","0","0","","configuration_missing","{""source_id"": ""0bae6817-0fd9-4e75-97bf-f9e073e34fe0"", ""media_id"": ""c1e36ab9-79ca-40fe-a824-6dbb26c6cf83"", ""source_url"": ""http://www.hbnews.net"", ""source_type"": ""website"", ""crawl_method"": ""html"", ""media"": ""湖北日报"", ""run_id"": ""e3f6940c-52f7-44b8-8566-f4fdc2ad4aa0"", ""attempt_id"": ""74c9b092-1676-4bf6-9e61-268cae0e92f4"", ""started_at"": ""2026-09-24T07:47:49.585490+00:00"", ""success"": false, ""retryable"": false, ""attempted"": 0, ""discovered"": 0, ""failures"": [], ""successful_bodies"": 0, ""entry_urls"": [], ""error_code"": ""configuration_missing"", ""error"": ""No scraper registered for 湖北日报"", ""failed"": 0, ""ended_at"": ""2026-09-24T07:47:49.650291+00:00""}","e3f6940c-52f7-44b8-8566-f4fdc2ad4aa0-0bae6817-0fd9-4e75-97bf-f9e073e34fe0-74c9b092-1676-4bf6-9e61-268cae0e92f4.json","e3f6940c-52f7-44b8-8566-f4fdc2ad4aa0-0bae6817-0fd9-4e75-97bf-f9e073e34fe0-74c9b092-1676-4bf6-9e61-268cae0e92f4.log"
"f9305134-c7a5-4724-a02d-ca117e3129b7","c1e36ab9-79ca-40fe-a824-6dbb26c6cf83","湖北日报","http://www.hbnews.net","website","html","false","failed","原有/共用规则","配置缺失（未通过通用复用验证）","1","0","0","0","0","0","0","0","0","0","","configuration_missing","{""source_id"": ""f9305134-c7a5-4724-a02d-ca117e3129b7"", ""media_id"": ""c1e36ab9-79ca-40fe-a824-6dbb26c6cf83"", ""source_url"": ""http://www.hbnews.net"", ""source_type"": ""website"", ""crawl_method"": ""html"", ""media"": ""湖北日报"", ""run_id"": ""e3f6940c-52f7-44b8-8566-f4fdc2ad4aa0"", ""attempt_id"": ""ea03e026-abf2-4df9-a39d-3abcbf67211f"", ""started_at"": ""2026-09-24T07:48:13.290213+00:00"", ""success"": false, ""retryable"": false, ""attempted"": 0, ""discovered"": 0, ""failures"": [], ""successful_bodies"": 0, ""entry_urls"": [], ""error_code"": ""configuration_missing"", ""error"": ""No scraper registered for 湖北日报"", ""failed"": 0, ""ended_at"": ""2026-09-24T07:48:13.351471+00:00""}","e3f6940c-52f7-44b8-8566-f4fdc2ad4aa0-f9305134-c7a5-4724-a02d-ca117e3129b7-ea03e026-abf2-4df9-a39d-3abcbf67211f.json","e3f6940c-52f7-44b8-8566-f4fdc2ad4aa0-f9305134-c7a5-4724-a02d-ca117e3129b7-ea03e026-abf2-4df9-a39d-3abcbf67211f.log"
"fc5765ef-c737-40e4-ba83-65545e6880a3","9f9f11a1-9ad7-482a-a939-a0a73eae2498","青海日报","http://www.qhnews.com","website","html","false","failed","原有/共用规则","配置缺失（未通过通用复用验证）","1","0","0","0","0","0","0","0","0","0","","configuration_missing","{""source_id"": ""fc5765ef-c737-40e4-ba83-65545e6880a3"", ""media_id"": ""9f9f11a1-9ad7-482a-a939-a0a73eae2498"", ""source_url"": ""http://www.qhnews.com"", ""source_type"": ""website"", ""crawl_method"": ""html"", ""media"": ""青海日报"", ""run_id"": ""e3f6940c-52f7-44b8-8566-f4fdc2ad4aa0"", ""attempt_id"": ""43a1836d-3ecf-46dc-bedb-a84677116322"", ""started_at"": ""2026-09-24T07:48:13.324682+00:00"", ""success"": false, ""retryable"": false, ""attempted"": 0, ""discovered"": 0, ""failures"": [], ""successful_bodies"": 0, ""entry_urls"": [], ""error_code"": ""configuration_missing"", ""error"": ""No scraper registered for 青海日报"", ""failed"": 0, ""ended_at"": ""2026-09-24T07:48:13.391300+00:00""}","e3f6940c-52f7-44b8-8566-f4fdc2ad4aa0-fc5765ef-c737-40e4-ba83-65545e6880a3-43a1836d-3ecf-46dc-bedb-a84677116322.json","e3f6940c-52f7-44b8-8566-f4fdc2ad4aa0-fc5765ef-c737-40e4-ba83-65545e6880a3-43a1836d-3ecf-46dc-bedb-a84677116322.log"
"974480ac-4eba-4988-97dd-36b30e8feaff","3a05e66b-78ee-4391-b61d-b3b48c073393","三明市融媒体中心","http://www.smnet.com.cn","website","html","true","success","generic配置","成功","1","10","85","10","0","10","0","0","0","0","","","","e3f6940c-52f7-44b8-8566-f4fdc2ad4aa0-974480ac-4eba-4988-97dd-36b30e8feaff-43a563ab-1bed-4d7a-9de8-c7eaf83eb2c9.json","e3f6940c-52f7-44b8-8566-f4fdc2ad4aa0-974480ac-4eba-4988-97dd-36b30e8feaff-43a563ab-1bed-4d7a-9de8-c7eaf83eb2c9.log"
"4231d731-0deb-4626-9aa4-66696a37ea12","1868d59d-c4e4-41b2-a188-37abb88a75b6","宁波日报报业集团","http://nbjt.cnnb.com.cn","website","html","true","success","generic配置","成功","1","10","17","10","0","0","0","10","0","0","","","","e3f6940c-52f7-44b8-8566-f4fdc2ad4aa0-4231d731-0deb-4626-9aa4-66696a37ea12-b1615cff-21f8-470a-a200-fd6a1ecdc79f.json","e3f6940c-52f7-44b8-8566-f4fdc2ad4aa0-4231d731-0deb-4626-9aa4-66696a37ea12-b1615cff-21f8-470a-a200-fd6a1ecdc79f.log"
"9ab1eb07-de9f-4f94-a1e0-0bcf1027d3a1","64ac51ff-ea58-48f6-84a4-013c7680bc5c","浙江日报","http://zjnews.zjol.com.cn","website","html","true","success","generic配置","成功","1","10","32","10","0","10","0","0","0","0","","","","e3f6940c-52f7-44b8-8566-f4fdc2ad4aa0-9ab1eb07-de9f-4f94-a1e0-0bcf1027d3a1-ecac7360-d40a-45bf-9884-204c20b5e77d.json","e3f6940c-52f7-44b8-8566-f4fdc2ad4aa0-9ab1eb07-de9f-4f94-a1e0-0bcf1027d3a1-ecac7360-d40a-45bf-9884-204c20b5e77d.log"
"6cbabd63-d2ec-4577-b459-867d80161a9d","66fb35f0-84d1-494c-971c-c00a97177ba6","南京广播电视台","http://www.nbs.cn","website","html","false","failed","原有/共用规则","配置缺失（未通过通用复用验证）","1","0","0","0","0","0","0","0","0","0","","configuration_missing","{""source_id"": ""6cbabd63-d2ec-4577-b459-867d80161a9d"", ""media_id"": ""66fb35f0-84d1-494c-971c-c00a97177ba6"", ""source_url"": ""http://www.nbs.cn"", ""source_type"": ""website"", ""crawl_method"": ""html"", ""media"": ""南京广播电视台"", ""run_id"": ""e3f6940c-52f7-44b8-8566-f4fdc2ad4aa0"", ""attempt_id"": ""f3b87acf-ebb2-4acf-bddc-33e9e465cdac"", ""started_at"": ""2026-09-24T07:48:37.156392+00:00"", ""success"": false, ""retryable"": false, ""attempted"": 0, ""discovered"": 0, ""failures"": [], ""successful_bodies"": 0, ""entry_urls"": [], ""error_code"": ""configuration_missing"", ""error"": ""No scraper registered for 南京广播电视台"", ""failed"": 0, ""ended_at"": ""2026-09-24T07:48:37.227655+00:00""}","e3f6940c-52f7-44b8-8566-f4fdc2ad4aa0-6cbabd63-d2ec-4577-b459-867d80161a9d-f3b87acf-ebb2-4acf-bddc-33e9e465cdac.json","e3f6940c-52f7-44b8-8566-f4fdc2ad4aa0-6cbabd63-d2ec-4577-b459-867d80161a9d-f3b87acf-ebb2-4acf-bddc-33e9e465cdac.log"
"5e92e756-f307-451b-98db-5d27e7e9df07","53ad7842-8878-4b65-bbe2-b727ff053a3e","西藏广播电视台","http://www.vtibet.com/","website","html","false","failed","原有/共用规则","WAF/403/412/访问拒绝","1","0","10","10","10","0","0","0","0","0","","no_valid_articles","[32m2026-09-24 15:48:38[0m | [33m[1mWARNING [0m | [fetch] http 失败，准备 playwright: http://www.zhufengyunxz.cn/ARTI1790217853052883 -> Client error '403 Forbidden' for url 'http://www.zhufengyunxz.cn/ARTI1790217853052883'
[32m2026-09-24 15:48:47[0m | [33m[1mWARNING [0m | [fetch] http 失败，准备 playwright: http://www.zhufengyunxz.cn/ARTI1790217873272549 -> Client error '403 Forbidden' for url 'http://www.zhufengyunxz.cn/ARTI1790217873272549'
[32m2026-09-24 15:48:55[0m | [33m[1mWARNING [0m | [fetch] http 失败，准备 playwright: http://www.zhufengyunxz.cn/ARTI1790217892438552 -> Client error '403 Forbidden' for url 'http://www.zhufengyunxz.cn/ARTI1790217892438552'
[32m2026-09-24 15:49:04[0m | [33m[1mWARNING [0m | [fetch] http 失败，准备 playwright: http://www.zhufengyunxz.cn/ARTI1790217862501548 -> Client error '403 Forbidden' for url 'http://www.zhufengyunxz.cn/ARTI1790217862501548'
[32m2026-09-24 15:49:12[0m | [33m[1mWARNING [0m | [fetch] http 失败，准备 playwright: http://www.zhufengyunxz.cn/ARTI1790217910151556 -> Client error '403 Forbidden' for url 'http://www.zhufengyunxz.cn/ARTI1790217910151556'
[32m2026-09-24 15:49:20[0m | [33m[1mWARNING [0m | [fetch] http 失败，准备 playwright: http://www.zhufengyunxz.cn/ARTI1790213543045675 -> Client error '403 Forbidden' for url 'http://www.zhufengyunxz.cn/ARTI1790213543045675'
[32m2026-09-24 15:49:29[0m | [33m[1mWARNING [0m | [fetch] http 失败，准备 playwright: http://www.zhufengyunxz.cn/ARTI1790217878760889 -> Client error '403 Forbidden' for url 'http://www.zhufengyunxz.cn/ARTI1790217878760889'
[32m2026-09-24 15:49:37[0m | [33m[1mWARNING [0m | [fetch] http 失败，准备 playwright: http://www.zhufengyunxz.cn/ARTI1790217886199890 -> Client error '403 Forbidden' for url 'http://www.zhufengyunxz.cn/ARTI1790217886199890'
[32m2026-09-24 15:49:45[0m | [33m[1mWARNING [0m | [fetch] http 失败，准备 playwright: http://www.zhufengyunxz.cn/ARTI1790217843563880 -> Client error '403 Forbidden' for url 'http://www.zhufengyunxz.cn/ARTI1790217843563880'
[32m2026-09-24 15:49:53[0m | [33m[1mWARNING [0m | [fetch] http 失败，准备 playwright: http://www.zhufengyunxz.cn/ARTI1790155377189402 -> Client error '403 Forbidden' for url 'http://www.zhufengyunxz.cn/ARTI1790155377189402'
detail: Missing title or substantive body
detail: Missing title or substantive body
detail: Missing title or substantive body
detail: Missing title or substantive body
detail: Missing title or substantive body
detail: Missing title or substantive body
detail: Missing title or substantive body
detail: Missing title or substantive body
detail: Missing title or substantive body
detail: Missing title or substantive body","e3f6940c-52f7-44b8-8566-f4fdc2ad4aa0-5e92e756-f307-451b-98db-5d27e7e9df07-94e90dc8-b1c7-403a-98e6-5a88e3a23a8a.json","e3f6940c-52f7-44b8-8566-f4fdc2ad4aa0-5e92e756-f307-451b-98db-5d27e7e9df07-94e90dc8-b1c7-403a-98e6-5a88e3a23a8a.log"
"419c9f3c-e25b-4134-b242-57ea5cfefe61","ff0e8737-3a4f-47f5-b97e-7ad8e2de83a5","深圳报业集团","http://www.sznews.com","website","html","true","success","generic配置","成功","1","10","202","10","0","0","0","10","0","0","","","","e3f6940c-52f7-44b8-8566-f4fdc2ad4aa0-419c9f3c-e25b-4134-b242-57ea5cfefe61-f8203865-39d7-4f79-af5c-d3529df3702b.json","e3f6940c-52f7-44b8-8566-f4fdc2ad4aa0-419c9f3c-e25b-4134-b242-57ea5cfefe61-f8203865-39d7-4f79-af5c-d3529df3702b.log"
"c3034c4a-0188-4620-963d-6d3ff203d112","5d3a7017-fb42-4c4c-a6d7-04d4556b414d","洛阳广播电视台","http://www.lytv.com.cn","website","html","true","success","generic配置","成功","1","10","60","10","0","10","0","0","0","0","","","","e3f6940c-52f7-44b8-8566-f4fdc2ad4aa0-c3034c4a-0188-4620-963d-6d3ff203d112-0986037c-c8a4-4335-80f1-9eb106834e90.json","e3f6940c-52f7-44b8-8566-f4fdc2ad4aa0-c3034c4a-0188-4620-963d-6d3ff203d112-0986037c-c8a4-4335-80f1-9eb106834e90.log"
"68d4af59-5f1e-487d-b9c5-346b43037e68","26789265-f88c-47d8-a30d-bec664b22355","济南广播电视台","http://www.e23.cn","website","html","true","success","generic配置","成功","1","10","74","10","0","0","0","10","0","0","","","","e3f6940c-52f7-44b8-8566-f4fdc2ad4aa0-68d4af59-5f1e-487d-b9c5-346b43037e68-7f72da92-086a-4ac1-9042-3426732700de.json","e3f6940c-52f7-44b8-8566-f4fdc2ad4aa0-68d4af59-5f1e-487d-b9c5-346b43037e68-7f72da92-086a-4ac1-9042-3426732700de.log"
"5a03a436-e657-4314-bb54-97191d9bffd8","19a562bd-c048-4ad8-907c-a3d072682c30","安徽日报","http://www.ahnews.com.cn","website","html","false","failed","原有/共用规则","配置缺失（未通过通用复用验证）","1","0","0","0","0","0","0","0","0","0","","configuration_missing","{""source_id"": ""5a03a436-e657-4314-bb54-97191d9bffd8"", ""media_id"": ""19a562bd-c048-4ad8-907c-a3d072682c30"", ""source_url"": ""http://www.ahnews.com.cn"", ""source_type"": ""website"", ""crawl_method"": ""html"", ""media"": ""安徽日报"", ""run_id"": ""e3f6940c-52f7-44b8-8566-f4fdc2ad4aa0"", ""attempt_id"": ""e3695f9c-e9ea-4e58-abe9-5d2db15b9d00"", ""started_at"": ""2026-09-24T07:50:03.090087+00:00"", ""success"": false, ""retryable"": false, ""attempted"": 0, ""discovered"": 0, ""failures"": [], ""successful_bodies"": 0, ""entry_urls"": [], ""error_code"": ""configuration_missing"", ""error"": ""No scraper registered for 安徽日报"", ""failed"": 0, ""ended_at"": ""2026-09-24T07:50:03.153286+00:00""}","e3f6940c-52f7-44b8-8566-f4fdc2ad4aa0-5a03a436-e657-4314-bb54-97191d9bffd8-e3695f9c-e9ea-4e58-abe9-5d2db15b9d00.json","e3f6940c-52f7-44b8-8566-f4fdc2ad4aa0-5a03a436-e657-4314-bb54-97191d9bffd8-e3695f9c-e9ea-4e58-abe9-5d2db15b9d00.log"
"d9078301-e6dc-4954-a7df-20f7037ef7cd","bf36bedb-3c7c-4805-98b7-5167f30e5b30","天津海河传媒中心（天津日报）","http://www.tianjinwe.com","website","html","false","failed","原有/共用规则","配置缺失（未通过通用复用验证）","1","0","0","0","0","0","0","0","0","0","","configuration_missing","{""source_id"": ""d9078301-e6dc-4954-a7df-20f7037ef7cd"", ""media_id"": ""bf36bedb-3c7c-4805-98b7-5167f30e5b30"", ""source_url"": ""http://www.tianjinwe.com"", ""source_type"": ""website"", ""crawl_method"": ""html"", ""media"": ""天津海河传媒中心（天津日报）"", ""run_id"": ""e3f6940c-52f7-44b8-8566-f4fdc2ad4aa0"", ""attempt_id"": ""cb4ef34e-fc52-4375-9f73-141f3b723e9d"", ""started_at"": ""2026-09-24T07:50:03.172325+00:00"", ""success"": false, ""retryable"": false, ""attempted"": 0, ""discovered"": 0, ""failures"": [], ""successful_bodies"": 0, ""entry_urls"": [], ""error_code"": ""configuration_missing"", ""error"": ""No scraper registered for 天津海河传媒中心（天津日报）"", ""failed"": 0, ""ended_at"": ""2026-09-24T07:50:03.239735+00:00""}","e3f6940c-52f7-44b8-8566-f4fdc2ad4aa0-d9078301-e6dc-4954-a7df-20f7037ef7cd-cb4ef34e-fc52-4375-9f73-141f3b723e9d.json","e3f6940c-52f7-44b8-8566-f4fdc2ad4aa0-d9078301-e6dc-4954-a7df-20f7037ef7cd-cb4ef34e-fc52-4375-9f73-141f3b723e9d.log"
"18508e26-7b48-44ee-b7fd-a013c2ac024f","845d2237-6bf9-45a3-97d1-c30515d39dad","人民政协报","http://www.rmzxw.com.cn","website","html","true","success","generic配置","成功","1","10","192","10","0","8","0","2","0","0","","","","e3f6940c-52f7-44b8-8566-f4fdc2ad4aa0-18508e26-7b48-44ee-b7fd-a013c2ac024f-6c56da1b-a9f3-4353-9c84-3ea0c5cf27b6.json","e3f6940c-52f7-44b8-8566-f4fdc2ad4aa0-18508e26-7b48-44ee-b7fd-a013c2ac024f-6c56da1b-a9f3-4353-9c84-3ea0c5cf27b6.log"
"f632c210-8ab1-4f64-8b9e-6317cf9bddad","4bceb8de-a659-4b56-877c-978a8602d167","经济参考报","http://www.jjckb.cn","website","html","true","success","generic配置","成功","1","10","99","10","0","10","0","0","0","0","","","","e3f6940c-52f7-44b8-8566-f4fdc2ad4aa0-f632c210-8ab1-4f64-8b9e-6317cf9bddad-a33ad7aa-d13e-4855-9a55-2db7bfe6d745.json","e3f6940c-52f7-44b8-8566-f4fdc2ad4aa0-f632c210-8ab1-4f64-8b9e-6317cf9bddad-a33ad7aa-d13e-4855-9a55-2db7bfe6d745.log"
"2f9127cf-ac48-456a-b4cb-b658cc155c43","50d755d6-b643-4e90-af7d-6a9756c0a5a3","中国教育电视台","http://www.centv.cn","website","html","true","success","generic配置","成功","1","9","78","10","1","9","0","0","0","0","","","detail: Missing title or substantive body","e3f6940c-52f7-44b8-8566-f4fdc2ad4aa0-2f9127cf-ac48-456a-b4cb-b658cc155c43-b2f20f7d-a7e8-4bf7-a45d-50714b28b4dd.json","e3f6940c-52f7-44b8-8566-f4fdc2ad4aa0-2f9127cf-ac48-456a-b4cb-b658cc155c43-b2f20f7d-a7e8-4bf7-a45d-50714b28b4dd.log"
"f8266677-f5d5-4972-9224-39fef7e931e7","e6f0cd68-56ed-4589-8fde-3d59a317c7af","黑龙江日报","http://epaper.hljnews.cn","website","html","false","failed","原有/共用规则","配置缺失（未通过通用复用验证）","1","0","0","0","0","0","0","0","0","0","","configuration_missing","{""source_id"": ""f8266677-f5d5-4972-9224-39fef7e931e7"", ""media_id"": ""e6f0cd68-56ed-4589-8fde-3d59a317c7af"", ""source_url"": ""http://epaper.hljnews.cn"", ""source_type"": ""website"", ""crawl_method"": ""html"", ""media"": ""黑龙江日报"", ""run_id"": ""e3f6940c-52f7-44b8-8566-f4fdc2ad4aa0"", ""attempt_id"": ""e27fa9ed-f205-4798-8819-49beeb4e85a5"", ""started_at"": ""2026-09-24T07:50:46.291397+00:00"", ""success"": false, ""retryable"": false, ""attempted"": 0, ""discovered"": 0, ""failures"": [], ""successful_bodies"": 0, ""entry_urls"": [], ""error_code"": ""configuration_missing"", ""error"": ""No scraper registered for 黑龙江日报"", ""failed"": 0, ""ended_at"": ""2026-09-24T07:50:46.351441+00:00""}","e3f6940c-52f7-44b8-8566-f4fdc2ad4aa0-f8266677-f5d5-4972-9224-39fef7e931e7-e27fa9ed-f205-4798-8819-49beeb4e85a5.json","e3f6940c-52f7-44b8-8566-f4fdc2ad4aa0-f8266677-f5d5-4972-9224-39fef7e931e7-e27fa9ed-f205-4798-8819-49beeb4e85a5.log"
"46d98481-3931-47c2-bb2f-b0b8e727d8e5","7c6c7a10-256c-4d04-aa8d-54cf4d08e1ce","江苏省广播电视总台","http://www.jsbc.com","website","html","true","success","generic配置","成功","1","10","14","10","0","5","0","5","0","0","","","","e3f6940c-52f7-44b8-8566-f4fdc2ad4aa0-46d98481-3931-47c2-bb2f-b0b8e727d8e5-5681ca16-4083-4a6d-bf1d-53ddd257442f.json","e3f6940c-52f7-44b8-8566-f4fdc2ad4aa0-46d98481-3931-47c2-bb2f-b0b8e727d8e5-5681ca16-4083-4a6d-bf1d-53ddd257442f.log"
"76a7e0ed-1f83-426c-855d-5e72b3f6cdd6","cfd0c75c-8846-4ef9-bfeb-890452a5833c","湖南日报","http://www.voc.com.cn","website","html","true","success","generic配置","成功","1","10","130","10","0","0","0","10","0","0","","","[32m2026-09-24 15:51:51[0m | [33m[1mWARNING [0m | [base] playwright 兜底失败 https://xuexi.voc.com.cn/news/202609/33839659.html: Page.goto: Timeout 15000ms exceeded.
[32m2026-09-24 15:52:09[0m | [33m[1mWARNING [0m | [base] playwright 兜底失败 https://xuexi.voc.com.cn/news/202609/33839874.html: Page.goto: Timeout 15000ms exceeded.","e3f6940c-52f7-44b8-8566-f4fdc2ad4aa0-76a7e0ed-1f83-426c-855d-5e72b3f6cdd6-57a858f8-791a-41c6-8cc8-c66bf5e95438.json","e3f6940c-52f7-44b8-8566-f4fdc2ad4aa0-76a7e0ed-1f83-426c-855d-5e72b3f6cdd6-57a858f8-791a-41c6-8cc8-c66bf5e95438.log"
"54cfbdaa-1ec6-49c1-aeee-9a22dfca2daf","7152abd8-cc2b-4b46-ae05-df10e02ce25d","重庆日报","http://www.cqnews.net","website","html","true","success","generic配置","成功","1","10","154","10","0","5","0","5","0","0","","","[32m2026-09-24 15:51:49[0m | [33m[1mWARNING [0m | [base] playwright 兜底失败 https://www.cqnews.net/web/content_1552707931110903808.html: Page.goto: Timeout 15000ms exceeded.
[32m2026-09-24 15:52:07[0m | [33m[1mWARNING [0m | [base] playwright 兜底失败 https://www.cqnews.net/web/content_1552707931614220288.html: Page.goto: Timeout 15000ms exceeded.","e3f6940c-52f7-44b8-8566-f4fdc2ad4aa0-54cfbdaa-1ec6-49c1-aeee-9a22dfca2daf-eb3d2784-3d30-4010-a5ae-d264d11d4009.json","e3f6940c-52f7-44b8-8566-f4fdc2ad4aa0-54cfbdaa-1ec6-49c1-aeee-9a22dfca2daf-eb3d2784-3d30-4010-a5ae-d264d11d4009.log"
"a2e5e1ec-867d-4928-babb-b894f8e56ca3","78426f53-ffb5-4ef2-9f20-7c71fdcc3588","陕西广播电视台","http://www.sxtvs.com","website","html","true","success","generic配置","成功","1","10","14","10","0","0","0","10","0","0","","","","e3f6940c-52f7-44b8-8566-f4fdc2ad4aa0-a2e5e1ec-867d-4928-babb-b894f8e56ca3-b70cdc0a-1d0c-4923-83c0-812599a346e0.json","e3f6940c-52f7-44b8-8566-f4fdc2ad4aa0-a2e5e1ec-867d-4928-babb-b894f8e56ca3-b70cdc0a-1d0c-4923-83c0-812599a346e0.log"
"dc889cf5-d70e-4d19-98d8-8e869dd06fbd","b12a8d29-b9cd-4305-b4da-6509fdeb52b6","甘肃日报","http://gansudaily.com.cn","website","html","true","success","generic配置","成功","1","10","107","10","0","0","0","10","0","0","","","[32m2026-09-24 15:53:00[0m | [33m[1mWARNING [0m | [fetch] http 内容不足/疑似空壳，改用 playwright: https://china.gansudaily.com.cn/system/2026/09/23/031437285.shtml
[32m2026-09-24 15:53:11[0m | [33m[1mWARNING [0m | [fetch] http 内容不足/疑似空壳，改用 playwright: https://china.gansudaily.com.cn/system/2026/09/23/031437287.shtml
[32m2026-09-24 15:53:22[0m | [33m[1mWARNING [0m | [fetch] http 内容不足/疑似空壳，改用 playwright: https://china.gansudaily.com.cn/system/2026/09/23/031437074.shtml
[32m2026-09-24 15:53:31[0m | [33m[1mWARNING [0m | [fetch] http 内容不足/疑似空壳，改用 playwright: https://china.gansudaily.com.cn/system/2026/09/23/031437076.shtml
[32m2026-09-24 15:53:43[0m | [33m[1mWARNING [0m | [fetch] http 内容不足/疑似空壳，改用 playwright: https://china.gansudaily.com.cn/system/2026/09/23/031437291.shtml
[32m2026-09-24 15:53:55[0m | [33m[1mWARNING [0m | [fetch] http 内容不足/疑似空壳，改用 playwright: https://china.gansudaily.com.cn/system/2026/09/23/031437297.shtml
[32m2026-09-24 15:54:05[0m | [33m[1mWARNING [0m | [fetch] http 内容不足/疑似空壳，改用 playwright: https://china.gansudaily.com.cn/system/2026/09/23/031437293.shtml
[32m2026-09-24 15:54:15[0m | [33m[1mWARNING [0m | [fetch] http 内容不足/疑似空壳，改用 playwright: https://china.gansudaily.com.cn/system/2026/09/23/031437295.shtml
[32m2026-09-24 15:54:22[0m | [33m[1mWARNING [0m | [fetch] http 内容不足/疑似空壳，改用 playwright: https://china.gansudaily.com.cn/system/2026/09/23/031437289.shtml","e3f6940c-52f7-44b8-8566-f4fdc2ad4aa0-dc889cf5-d70e-4d19-98d8-8e869dd06fbd-f1818fce-bfa6-4d2a-9c2b-37c05b6fb82e.json","e3f6940c-52f7-44b8-8566-f4fdc2ad4aa0-dc889cf5-d70e-4d19-98d8-8e869dd06fbd-f1818fce-bfa6-4d2a-9c2b-37c05b6fb82e.log"
"5878737f-a633-42db-850d-0341e29c1f8b","23178c9a-b916-4a03-9dce-079eb426ee21","苏州广播电视总台","http://www.csztv.cn","website","html","true","success","generic配置","成功","1","10","14","10","0","0","0","10","0","0","","","","e3f6940c-52f7-44b8-8566-f4fdc2ad4aa0-5878737f-a633-42db-850d-0341e29c1f8b-ddf20068-b187-4958-89c8-1bf6011254bc.json","e3f6940c-52f7-44b8-8566-f4fdc2ad4aa0-5878737f-a633-42db-850d-0341e29c1f8b-ddf20068-b187-4958-89c8-1bf6011254bc.log"
"70e7de9e-d955-459d-8706-95086e9db0d6","af998816-98e2-4114-b64e-71742048c06c","四川广播电视台","http://www.sctv.com","website","html","true","success","generic配置","成功","1","10","37","10","0","0","0","10","0","0","","","","e3f6940c-52f7-44b8-8566-f4fdc2ad4aa0-70e7de9e-d955-459d-8706-95086e9db0d6-8980f3b3-1b0a-4e5c-b2a5-2df1ef67578e.json","e3f6940c-52f7-44b8-8566-f4fdc2ad4aa0-70e7de9e-d955-459d-8706-95086e9db0d6-8980f3b3-1b0a-4e5c-b2a5-2df1ef67578e.log"
"bbfd79ed-0b05-4d02-95f0-9ce442a7cfcd","2c78ef92-7057-40c9-b2b3-759a474c9ef6","合肥报业传媒集团","http://www.hf365.com","website","html","false","failed","原有/共用规则","配置缺失（未通过通用复用验证）","1","0","0","0","0","0","0","0","0","0","","configuration_missing","{""source_id"": ""bbfd79ed-0b05-4d02-95f0-9ce442a7cfcd"", ""media_id"": ""2c78ef92-7057-40c9-b2b3-759a474c9ef6"", ""source_url"": ""http://www.hf365.com"", ""source_type"": ""website"", ""crawl_method"": ""html"", ""media"": ""合肥报业传媒集团"", ""run_id"": ""e3f6940c-52f7-44b8-8566-f4fdc2ad4aa0"", ""attempt_id"": ""2c8d0af7-03b0-4abe-8cde-8e78e4fde153"", ""started_at"": ""2026-09-24T07:52:58.639180+00:00"", ""success"": false, ""retryable"": false, ""attempted"": 0, ""discovered"": 0, ""failures"": [], ""successful_bodies"": 0, ""entry_urls"": [], ""error_code"": ""configuration_missing"", ""error"": ""No scraper registered for 合肥报业传媒集团"", ""failed"": 0, ""ended_at"": ""2026-09-24T07:52:58.703216+00:00""}","e3f6940c-52f7-44b8-8566-f4fdc2ad4aa0-bbfd79ed-0b05-4d02-95f0-9ce442a7cfcd-2c8d0af7-03b0-4abe-8cde-8e78e4fde153.json","e3f6940c-52f7-44b8-8566-f4fdc2ad4aa0-bbfd79ed-0b05-4d02-95f0-9ce442a7cfcd-2c8d0af7-03b0-4abe-8cde-8e78e4fde153.log"
"9a3c4d34-e3e0-424d-815a-6e76b3e6a418","d8eb91ec-b093-4f15-941e-4ee8d4b3448a","三峡日报","http://www.cn3x.com.cn","website","html","true","success","generic配置","成功","1","10","31","10","0","0","0","10","0","0","","","","e3f6940c-52f7-44b8-8566-f4fdc2ad4aa0-9a3c4d34-e3e0-424d-815a-6e76b3e6a418-3890248d-3dd9-4e83-a9ae-ab313ab9bfe4.json","e3f6940c-52f7-44b8-8566-f4fdc2ad4aa0-9a3c4d34-e3e0-424d-815a-6e76b3e6a418-3890248d-3dd9-4e83-a9ae-ab313ab9bfe4.log"
"6f7af13b-e89a-46c0-b6fb-13637731723b","5d3a7017-fb42-4c4c-a6d7-04d4556b414d","洛阳广播电视台","http://www.lytv.com.cn","website","html","true","success","generic配置","成功","1","10","60","10","0","0","0","10","0","0","","","","e3f6940c-52f7-44b8-8566-f4fdc2ad4aa0-6f7af13b-e89a-46c0-b6fb-13637731723b-0a792200-1d6e-4df2-9883-463cd8e3624e.json","e3f6940c-52f7-44b8-8566-f4fdc2ad4aa0-6f7af13b-e89a-46c0-b6fb-13637731723b-0a792200-1d6e-4df2-9883-463cd8e3624e.log"
"2ed214ca-bebc-49fb-a60e-5c69e8ec5c3c","79abc807-a570-40fd-8553-ef487b754761","解放军报","http://www.81.cn","website","html","true","success","generic配置","成功","1","10","286","10","0","10","0","0","0","0","","","","e3f6940c-52f7-44b8-8566-f4fdc2ad4aa0-2ed214ca-bebc-49fb-a60e-5c69e8ec5c3c-9737db4b-484e-4db3-b7ae-76cfd510bb62.json","e3f6940c-52f7-44b8-8566-f4fdc2ad4aa0-2ed214ca-bebc-49fb-a60e-5c69e8ec5c3c-9737db4b-484e-4db3-b7ae-76cfd510bb62.log"
"cb9f3c8a-6948-494b-b762-74489da1383e","526786e5-c0eb-4882-b676-94c6b6366514","经济日报","http://www.ce.cn","website","html","true","success","generic配置","成功","1","10","140","10","0","10","0","0","0","0","","","","e3f6940c-52f7-44b8-8566-f4fdc2ad4aa0-cb9f3c8a-6948-494b-b762-74489da1383e-f31fc744-795a-402f-8295-1dbda5da7095.json","e3f6940c-52f7-44b8-8566-f4fdc2ad4aa0-cb9f3c8a-6948-494b-b762-74489da1383e-f31fc744-795a-402f-8295-1dbda5da7095.log"
"d9ec8081-73c2-4460-a374-93fba15760ed","fd0590b3-4858-4136-a6c2-7128438f030d","法治日报","http://www.legaldaily.com.cn","website","html","false","failed","generic配置","详情无有效文章","1","0","90","10","10","0","0","0","0","0","","no_valid_articles","[32m2026-09-24 15:55:03[0m | [33m[1mWARNING [0m | [fetch] http 内容不足/疑似空壳，改用 playwright: http://www.legaldaily.com.cn/index_article/content/2026-09/24/content_9464688.html
[32m2026-09-24 15:55:11[0m | [33m[1mWARNING [0m | [fetch] http 内容不足/疑似空壳，改用 playwright: http://www.legaldaily.com.cn/index_article/content/2026-09/24/content_9464649.html
[32m2026-09-24 15:55:19[0m | [33m[1mWARNING [0m | [fetch] http 内容不足/疑似空壳，改用 playwright: http://www.legaldaily.com.cn/index_article/content/2026-09/24/content_9464572.html
[32m2026-09-24 15:55:27[0m | [33m[1mWARNING [0m | [fetch] http 内容不足/疑似空壳，改用 playwright: http://www.legaldaily.com.cn/index_article/content/2026-09/24/content_9464648.html
[32m2026-09-24 15:55:35[0m | [33m[1mWARNING [0m | [fetch] http 内容不足/疑似空壳，改用 playwright: http://www.legaldaily.com.cn/index_article/content/2026-09/24/content_9464651.html
[32m2026-09-24 15:55:43[0m | [33m[1mWARNING [0m | [fetch] http 内容不足/疑似空壳，改用 playwright: http://www.legaldaily.com.cn/index_article/content/2026-09/24/content_9464670.html
[32m2026-09-24 15:55:51[0m | [33m[1mWARNING [0m | [fetch] http 内容不足/疑似空壳，改用 playwright: http://www.legaldaily.com.cn/index/content/2026-09/24/content_9464764.html
[32m2026-09-24 15:55:59[0m | [33m[1mWARNING [0m | [fetch] http 内容不足/疑似空壳，改用 playwright: http://www.legaldaily.com.cn/index/content/2026-09/21/content_9461828.html
[32m2026-09-24 15:56:07[0m | [33m[1mWARNING [0m | [fetch] http 内容不足/疑似空壳，改用 playwright: http://www.legaldaily.com.cn/index/content/2026-09/09/content_9454311.html
[32m2026-09-24 15:56:15[0m | [33m[1mWARNING [0m | [fetch] http 内容不足/疑似空壳，改用 playwright: http://www.legaldaily.com.cn/judicial/content/2026-08/27/content_9447999.html
detail: Missing title or substantive body
detail: Missing title or substantive body
detail: Missing title or substantive body
detail: Missing title or substantive body
detail: Missing title or substantive body
detail: Missing title or substantive body
detail: Missing title or substantive body
detail: Missing title or substantive body
detail: Missing title or substantive body
detail: Missing title or substantive body","e3f6940c-52f7-44b8-8566-f4fdc2ad4aa0-d9ec8081-73c2-4460-a374-93fba15760ed-43222d21-9d62-460e-929a-50e91445f431.json","e3f6940c-52f7-44b8-8566-f4fdc2ad4aa0-d9ec8081-73c2-4460-a374-93fba15760ed-43222d21-9d62-460e-929a-50e91445f431.log"
"a582584e-fc8a-466c-82ab-3aed793d3f8d","845d2237-6bf9-45a3-97d1-c30515d39dad","人民政协报","http://www.rmzxw.com.cn","website","html","true","success","generic配置","成功","1","10","192","10","0","0","0","10","0","0","","","","e3f6940c-52f7-44b8-8566-f4fdc2ad4aa0-a582584e-fc8a-466c-82ab-3aed793d3f8d-4f43029b-54a0-48e6-bc49-80aa054d0ad8.json","e3f6940c-52f7-44b8-8566-f4fdc2ad4aa0-a582584e-fc8a-466c-82ab-3aed793d3f8d-4f43029b-54a0-48e6-bc49-80aa054d0ad8.log"
"6ce12ebe-a41e-47e1-b515-ab886f2dc9d9","4bceb8de-a659-4b56-877c-978a8602d167","经济参考报","http://www.jjckb.cn","website","html","true","success","generic配置","成功","1","10","100","10","0","4","0","6","0","0","","","","e3f6940c-52f7-44b8-8566-f4fdc2ad4aa0-6ce12ebe-a41e-47e1-b515-ab886f2dc9d9-3b160c7e-a8b3-4625-a53b-2857e798b229.json","e3f6940c-52f7-44b8-8566-f4fdc2ad4aa0-6ce12ebe-a41e-47e1-b515-ab886f2dc9d9-3b160c7e-a8b3-4625-a53b-2857e798b229.log"
"7bb9dd05-6801-47ff-ad2c-af2616cf951a","50d755d6-b643-4e90-af7d-6a9756c0a5a3","中国教育电视台","http://www.centv.cn","website","html","true","success","generic配置","成功","1","9","78","10","1","0","0","9","0","0","","","detail: Missing title or substantive body","e3f6940c-52f7-44b8-8566-f4fdc2ad4aa0-7bb9dd05-6801-47ff-ad2c-af2616cf951a-fb1e2011-6603-4d8d-af73-2cbbe13a5c5b.json","e3f6940c-52f7-44b8-8566-f4fdc2ad4aa0-7bb9dd05-6801-47ff-ad2c-af2616cf951a-fb1e2011-6603-4d8d-af73-2cbbe13a5c5b.log"
"8a4e5086-2d8b-43bc-9b9b-126e8e25a2c8","bf36bedb-3c7c-4805-98b7-5167f30e5b30","天津海河传媒中心（天津日报）","http://www.tianjinwe.com","website","html","false","failed","原有/共用规则","配置缺失（未通过通用复用验证）","1","0","0","0","0","0","0","0","0","0","","configuration_missing","{""source_id"": ""8a4e5086-2d8b-43bc-9b9b-126e8e25a2c8"", ""media_id"": ""bf36bedb-3c7c-4805-98b7-5167f30e5b30"", ""source_url"": ""http://www.tianjinwe.com"", ""source_type"": ""website"", ""crawl_method"": ""html"", ""media"": ""天津海河传媒中心（天津日报）"", ""run_id"": ""e3f6940c-52f7-44b8-8566-f4fdc2ad4aa0"", ""attempt_id"": ""fea3e405-ed47-4297-8308-7f11f8e2c10d"", ""started_at"": ""2026-09-24T07:56:24.615230+00:00"", ""success"": false, ""retryable"": false, ""attempted"": 0, ""discovered"": 0, ""failures"": [], ""successful_bodies"": 0, ""entry_urls"": [], ""error_code"": ""configuration_missing"", ""error"": ""No scraper registered for 天津海河传媒中心（天津日报）"", ""failed"": 0, ""ended_at"": ""2026-09-24T07:56:24.675616+00:00""}","e3f6940c-52f7-44b8-8566-f4fdc2ad4aa0-8a4e5086-2d8b-43bc-9b9b-126e8e25a2c8-fea3e405-ed47-4297-8308-7f11f8e2c10d.json","e3f6940c-52f7-44b8-8566-f4fdc2ad4aa0-8a4e5086-2d8b-43bc-9b9b-126e8e25a2c8-fea3e405-ed47-4297-8308-7f11f8e2c10d.log"
"530cd61b-356a-49aa-8c6a-ecfc843e9325","e6f0cd68-56ed-4589-8fde-3d59a317c7af","黑龙江日报","http://epaper.hljnews.cn","website","html","false","failed","原有/共用规则","配置缺失（未通过通用复用验证）","1","0","0","0","0","0","0","0","0","0","","configuration_missing","{""source_id"": ""530cd61b-356a-49aa-8c6a-ecfc843e9325"", ""media_id"": ""e6f0cd68-56ed-4589-8fde-3d59a317c7af"", ""source_url"": ""http://epaper.hljnews.cn"", ""source_type"": ""website"", ""crawl_method"": ""html"", ""media"": ""黑龙江日报"", ""run_id"": ""e3f6940c-52f7-44b8-8566-f4fdc2ad4aa0"", ""attempt_id"": ""840ed4e4-22c8-4271-86c7-933d98d1b451"", ""started_at"": ""2026-09-24T07:56:24.614668+00:00"", ""success"": false, ""retryable"": false, ""attempted"": 0, ""discovered"": 0, ""failures"": [], ""successful_bodies"": 0, ""entry_urls"": [], ""error_code"": ""configuration_missing"", ""error"": ""No scraper registered for 黑龙江日报"", ""failed"": 0, ""ended_at"": ""2026-09-24T07:56:24.674822+00:00""}","e3f6940c-52f7-44b8-8566-f4fdc2ad4aa0-530cd61b-356a-49aa-8c6a-ecfc843e9325-840ed4e4-22c8-4271-86c7-933d98d1b451.json","e3f6940c-52f7-44b8-8566-f4fdc2ad4aa0-530cd61b-356a-49aa-8c6a-ecfc843e9325-840ed4e4-22c8-4271-86c7-933d98d1b451.log"
"4700d44f-45d8-4527-a45d-edd9f4abc986","7c6c7a10-256c-4d04-aa8d-54cf4d08e1ce","江苏省广播电视总台","http://www.jsbc.com","website","html","true","success","generic配置","成功","1","10","14","10","0","0","0","10","0","0","","","","e3f6940c-52f7-44b8-8566-f4fdc2ad4aa0-4700d44f-45d8-4527-a45d-edd9f4abc986-a00fe251-06d4-4ebb-8619-f067b69ebc00.json","e3f6940c-52f7-44b8-8566-f4fdc2ad4aa0-4700d44f-45d8-4527-a45d-edd9f4abc986-a00fe251-06d4-4ebb-8619-f067b69ebc00.log"
"c78d88de-b566-4dd9-93ef-2fff29f7111a","64ac51ff-ea58-48f6-84a4-013c7680bc5c","浙江日报","http://zjnews.zjol.com.cn","website","html","true","success","generic配置","成功","1","10","32","10","0","0","0","10","0","0","","","","e3f6940c-52f7-44b8-8566-f4fdc2ad4aa0-c78d88de-b566-4dd9-93ef-2fff29f7111a-1e411f88-d606-4ad8-8295-fcaac30fd3b2.json","e3f6940c-52f7-44b8-8566-f4fdc2ad4aa0-c78d88de-b566-4dd9-93ef-2fff29f7111a-1e411f88-d606-4ad8-8295-fcaac30fd3b2.log"
"1e5e73a9-128f-4c15-ad5e-976657784b36","19a562bd-c048-4ad8-907c-a3d072682c30","安徽日报","http://www.ahnews.com.cn","website","html","false","failed","原有/共用规则","配置缺失（未通过通用复用验证）","1","0","0","0","0","0","0","0","0","0","","configuration_missing","{""source_id"": ""1e5e73a9-128f-4c15-ad5e-976657784b36"", ""media_id"": ""19a562bd-c048-4ad8-907c-a3d072682c30"", ""source_url"": ""http://www.ahnews.com.cn"", ""source_type"": ""website"", ""crawl_method"": ""html"", ""media"": ""安徽日报"", ""run_id"": ""e3f6940c-52f7-44b8-8566-f4fdc2ad4aa0"", ""attempt_id"": ""9fa8ede4-a945-4349-8331-6dc2cd7c395f"", ""started_at"": ""2026-09-24T07:56:44.502664+00:00"", ""success"": false, ""retryable"": false, ""attempted"": 0, ""discovered"": 0, ""failures"": [], ""successful_bodies"": 0, ""entry_urls"": [], ""error_code"": ""configuration_missing"", ""error"": ""No scraper registered for 安徽日报"", ""failed"": 0, ""ended_at"": ""2026-09-24T07:56:44.576787+00:00""}","e3f6940c-52f7-44b8-8566-f4fdc2ad4aa0-1e5e73a9-128f-4c15-ad5e-976657784b36-9fa8ede4-a945-4349-8331-6dc2cd7c395f.json","e3f6940c-52f7-44b8-8566-f4fdc2ad4aa0-1e5e73a9-128f-4c15-ad5e-976657784b36-9fa8ede4-a945-4349-8331-6dc2cd7c395f.log"
"90d8f489-7707-41fa-83b6-55d8721bc149","3a05e66b-78ee-4391-b61d-b3b48c073393","三明市融媒体中心","http://www.smnet.com.cn","website","html","true","success","generic配置","成功","1","10","85","10","0","0","0","10","0","0","","","","e3f6940c-52f7-44b8-8566-f4fdc2ad4aa0-90d8f489-7707-41fa-83b6-55d8721bc149-6ea33c42-0d34-41cf-bed7-b6cc36286b96.json","e3f6940c-52f7-44b8-8566-f4fdc2ad4aa0-90d8f489-7707-41fa-83b6-55d8721bc149-6ea33c42-0d34-41cf-bed7-b6cc36286b96.log"
"51747cdc-d794-4004-a529-ef4a2572339b","db15e67e-2ab3-49d1-a83d-c798f97d486e","福建省广播影视集团","https://www.fjsen.com/","website","html","true","success","原有/共用规则","成功","1","10","153","10","0","7","0","3","0","0","","","","e3f6940c-52f7-44b8-8566-f4fdc2ad4aa0-51747cdc-d794-4004-a529-ef4a2572339b-1e03f0c8-c45d-41a1-9f7b-d31a7b77bca4.json","e3f6940c-52f7-44b8-8566-f4fdc2ad4aa0-51747cdc-d794-4004-a529-ef4a2572339b-1e03f0c8-c45d-41a1-9f7b-d31a7b77bca4.log"
"a6f6d5f3-b5e9-46c3-8317-b10c35b3ef83","1856ca2a-93aa-4075-a1e5-3c88d00c96bc","云南日报","http://yndaily.yunnan.cn","website","html","true","success","原有/共用规则","成功","1","9","22","10","1","9","0","0","0","0","","","[32m2026-09-24 15:56:45[0m | [33m[1mWARNING [0m | [fetch] http 内容不足/疑似空壳，改用 playwright: http://yndaily.yunnan.cn
[32m2026-09-24 15:57:06[0m | [33m[1mWARNING [0m | [base] playwright 兜底失败 https://yndaily.yunnan.cn/html/2026/20260924/20260924_001/20260924_001_01.html: Page.goto: Timeout 15000ms exceeded.
[32m2026-09-24 15:57:17[0m | [33m[1mWARNING [0m | [fetch] http 内容不足/疑似空壳，改用 playwright: https://yndaily.yunnan.cn/html/2026/20260924/20260924_001/20260924_001_11.html
detail: Page.goto: Timeout 15000ms exceeded.
Call log:
  - navigating to ""https://yndaily.yunnan.cn/html/2026/20260924/20260924_001/20260924_001_11.html"", waiting until ""networkidle""
","e3f6940c-52f7-44b8-8566-f4fdc2ad4aa0-a6f6d5f3-b5e9-46c3-8317-b10c35b3ef83-add1ebdc-b622-4c6c-a2b9-1f3e5a274941.json","e3f6940c-52f7-44b8-8566-f4fdc2ad4aa0-a6f6d5f3-b5e9-46c3-8317-b10c35b3ef83-add1ebdc-b622-4c6c-a2b9-1f3e5a274941.log"
"a8983718-a171-4cce-966b-fc13f3faa978","aee7a687-b424-45ff-9658-209f2dacec17","昆明日报","https://www.kunming.cn/news/yw/","website","html","true","success","原有/共用规则","成功","1","10","23","10","0","9","0","1","0","0","","","","e3f6940c-52f7-44b8-8566-f4fdc2ad4aa0-a8983718-a171-4cce-966b-fc13f3faa978-e0038ca8-1025-45b7-8cf9-80e387a69e09.json","e3f6940c-52f7-44b8-8566-f4fdc2ad4aa0-a8983718-a171-4cce-966b-fc13f3faa978-e0038ca8-1025-45b7-8cf9-80e387a69e09.log"
"625971eb-1ec7-42b4-ab7c-00f238e110cf","507e4e81-42d6-4a4d-8c84-7dcac3c36c2b","海南日报","https://www.hinews.cn/","website","html","true","success","原有/共用规则","成功","1","10","150","10","0","6","0","4","0","0","","","[32m2026-09-24 15:57:45[0m | [33m[1mWARNING [0m | [fetch] http 内容不足/疑似空壳，改用 playwright: https://rm-nhwapp-1.hinews.cn/download.html","e3f6940c-52f7-44b8-8566-f4fdc2ad4aa0-625971eb-1ec7-42b4-ab7c-00f238e110cf-9e210363-65a3-4905-95f5-11748899c12e.json","e3f6940c-52f7-44b8-8566-f4fdc2ad4aa0-625971eb-1ec7-42b4-ab7c-00f238e110cf-9e210363-65a3-4905-95f5-11748899c12e.log"
"89886127-f98c-46e7-afa1-1cc97bb3d043","6377308c-a6a6-4ebb-96af-329611ce73b6","深圳广播电影电视集团","https://www.sztv.com.cn/","website","html","true","success","原有/共用规则","成功","1","4","4","4","0","4","0","0","0","0","","","","e3f6940c-52f7-44b8-8566-f4fdc2ad4aa0-89886127-f98c-46e7-afa1-1cc97bb3d043-6821a5a7-21fd-4729-a687-2053e70bd229.json","e3f6940c-52f7-44b8-8566-f4fdc2ad4aa0-89886127-f98c-46e7-afa1-1cc97bb3d043-6821a5a7-21fd-4729-a687-2053e70bd229.log"
"f5ce6a9e-5267-4fdb-9e94-7bb38932f2ef","8f4eb856-e513-40d9-ad58-052ba44aa46b","十堰日报社","http://www.shiyan.gov.cn/srb","website","html","false","failed","原有/共用规则","URL/入口不可用","1","0","0","0","0","0","0","0","0","0","","empty_list","[32m2026-09-24 15:57:41[0m | [33m[1mWARNING [0m | [generic] 列表页失败 http://www.shiyan.gov.cn/srb: Client error '404 Not Found' for url 'http://www.shiyan.gov.cn/srb'","e3f6940c-52f7-44b8-8566-f4fdc2ad4aa0-f5ce6a9e-5267-4fdb-9e94-7bb38932f2ef-6a16b23f-1205-4ef3-b960-d2772c77bea3.json","e3f6940c-52f7-44b8-8566-f4fdc2ad4aa0-f5ce6a9e-5267-4fdb-9e94-7bb38932f2ef-6a16b23f-1205-4ef3-b960-d2772c77bea3.log"
"96750a98-5d90-4b9d-b42d-83d5d88a8599","d7fbb7e4-9985-416a-92a3-a07913188d43","郑州报业集团","https://news.zynews.cn/yaowen/","website","html","true","success","原有/共用规则","成功","1","10","22","10","0","10","0","0","0","0","","","","e3f6940c-52f7-44b8-8566-f4fdc2ad4aa0-96750a98-5d90-4b9d-b42d-83d5d88a8599-d00fb149-ae62-45ce-9d46-af770a149d51.json","e3f6940c-52f7-44b8-8566-f4fdc2ad4aa0-96750a98-5d90-4b9d-b42d-83d5d88a8599-d00fb149-ae62-45ce-9d46-af770a149d51.log"
"05178bdc-85c1-495c-92b1-aebf3cc55930","92a14871-1203-468e-994c-f3fcb9f947eb","人民日报","https://www.people.com.cn/GB/59476/index.html","website","html","true","success","原有/共用规则","成功","1","10","35","10","0","10","0","0","0","0","","","","e3f6940c-52f7-44b8-8566-f4fdc2ad4aa0-05178bdc-85c1-495c-92b1-aebf3cc55930-ac5a3fd3-80ed-414c-8f6d-007835c8be20.json","e3f6940c-52f7-44b8-8566-f4fdc2ad4aa0-05178bdc-85c1-495c-92b1-aebf3cc55930-ac5a3fd3-80ed-414c-8f6d-007835c8be20.log"
"90370bc3-3b81-49c5-b59d-159524c917a0","3c8e29b9-a0b3-4464-ac42-63508d08312f","山东广播电视台","https://news.iqilu.com/","website","html","true","success","原有/共用规则","成功","1","10","33","10","0","10","0","0","0","0","","","","e3f6940c-52f7-44b8-8566-f4fdc2ad4aa0-90370bc3-3b81-49c5-b59d-159524c917a0-f02db88e-8105-45a1-908f-d67110638989.json","e3f6940c-52f7-44b8-8566-f4fdc2ad4aa0-90370bc3-3b81-49c5-b59d-159524c917a0-f02db88e-8105-45a1-908f-d67110638989.log"
"4e715551-c0de-4481-87ba-e7ffe14d0146","8f4eb856-e513-40d9-ad58-052ba44aa46b","十堰日报社","http://www.10yan.com/news/","website","html","true","success","原有/共用规则","成功","1","9","50","10","1","9","0","0","0","0","","","[32m2026-09-24 15:58:39[0m | [33m[1mWARNING [0m | [fetch] http 失败，准备 playwright: https://bbs.10yan.com/thread-4438878-1-1.html -> Client error '403 Forbidden' for url 'https://bbs.10yan.com/thread-4438878-1-1.html'
[32m2026-09-24 15:58:54[0m | [33m[1mWARNING [0m | [fetch] http 失败，准备 playwright: https://bbs.10yan.com/thread-4438528-1-1.html -> Server error '500 Internal Server Error' for url 'https://bbs.10yan.com/thread-4438528-1-1.html'
detail: Missing title or substantive body","e3f6940c-52f7-44b8-8566-f4fdc2ad4aa0-4e715551-c0de-4481-87ba-e7ffe14d0146-988182d5-a5c5-4463-9a12-fbded6e9ba03.json","e3f6940c-52f7-44b8-8566-f4fdc2ad4aa0-4e715551-c0de-4481-87ba-e7ffe14d0146-988182d5-a5c5-4463-9a12-fbded6e9ba03.log"
"9ddaa46c-d7f8-491f-ac72-88274bb1131c","df4a8c1f-3f07-4b08-9bb9-5d9e631bb60f","宜春市广播电视台","https://www.newsyc.com/","website","html","true","success","原有/共用规则","成功","1","10","221","10","0","10","0","0","0","0","","","","e3f6940c-52f7-44b8-8566-f4fdc2ad4aa0-9ddaa46c-d7f8-491f-ac72-88274bb1131c-5a0be76a-55c1-4c4e-9fc9-12a968d46e1b.json","e3f6940c-52f7-44b8-8566-f4fdc2ad4aa0-9ddaa46c-d7f8-491f-ac72-88274bb1131c-5a0be76a-55c1-4c4e-9fc9-12a968d46e1b.log"
"08e2ed86-472a-4210-9ebc-c71d714d614c","1856ca2a-93aa-4075-a1e5-3c88d00c96bc","云南日报","http://yndaily.yunnan.cn","website","html","true","success","原有/共用规则","成功","1","10","22","10","0","1","0","9","0","0","","","[32m2026-09-24 15:59:45[0m | [33m[1mWARNING [0m | [fetch] http 内容不足/疑似空壳，改用 playwright: http://yndaily.yunnan.cn
[32m2026-09-24 16:00:08[0m | [33m[1mWARNING [0m | [base] playwright 兜底失败 https://yndaily.yunnan.cn/html/2026/20260924/20260924_001/20260924_001_01.html: Page.goto: Timeout 15000ms exceeded.
[32m2026-09-24 16:00:22[0m | [33m[1mWARNING [0m | [fetch] http 内容不足/疑似空壳，改用 playwright: https://yndaily.yunnan.cn/html/2026/20260924/20260924_001/20260924_001_11.html","e3f6940c-52f7-44b8-8566-f4fdc2ad4aa0-08e2ed86-472a-4210-9ebc-c71d714d614c-d35a5742-b257-4ba6-9423-881fabf7dad0.json","e3f6940c-52f7-44b8-8566-f4fdc2ad4aa0-08e2ed86-472a-4210-9ebc-c71d714d614c-d35a5742-b257-4ba6-9423-881fabf7dad0.log"
"82e2f6c3-5ae8-4270-907f-063a8c280572","74f624e9-daac-43b4-b6c9-9a06593ae328","华龙网","https://www.cqliving.com","website","html","false","failed","原有/共用规则","未提取到列表链接（未证明当天无更新）","1","0","0","0","0","0","0","0","0","0","","empty_list","","e3f6940c-52f7-44b8-8566-f4fdc2ad4aa0-82e2f6c3-5ae8-4270-907f-063a8c280572-17946d01-1ea8-40cb-9392-70907a3fe4ad.json","e3f6940c-52f7-44b8-8566-f4fdc2ad4aa0-82e2f6c3-5ae8-4270-907f-063a8c280572-17946d01-1ea8-40cb-9392-70907a3fe4ad.log"
"e0a135ea-e4d8-4aa4-a85a-7e0a889b63da","db15e67e-2ab3-49d1-a83d-c798f97d486e","福建省广播影视集团","http://www.fjtv.net","website","html","true","success","原有/共用规则","成功","1","9","43","10","1","9","0","0","0","0","","","[32m2026-09-24 15:59:55[0m | [33m[1mWARNING [0m | [fetch] http 失败，准备 playwright: http://www.fjtv.net -> Client error '403 Forbidden' for url 'https://www.fjtv.net/'
[32m2026-09-24 16:00:42[0m | [33m[1mWARNING [0m | [fetch] http 失败，准备 playwright: https://headline.fjtv.net/2026-09-24/7280898.html -> 
detail: Page.goto: Timeout 15000ms exceeded.
Call log:
  - navigating to ""https://headline.fjtv.net/2026-09-24/7280898.html"", waiting until ""networkidle""
","e3f6940c-52f7-44b8-8566-f4fdc2ad4aa0-e0a135ea-e4d8-4aa4-a85a-7e0a889b63da-eeb58261-6bc0-41cf-8353-7afc081db19d.json","e3f6940c-52f7-44b8-8566-f4fdc2ad4aa0-e0a135ea-e4d8-4aa4-a85a-7e0a889b63da-eeb58261-6bc0-41cf-8353-7afc081db19d.log"
"3bfa0117-84dd-4f83-8ebd-76889cafd63b","df4a8c1f-3f07-4b08-9bb9-5d9e631bb60f","宜春市广播电视台","http://www.yctv.com.cn","website","html","false","failed","原有/共用规则","未提取到列表链接（未证明当天无更新）","1","0","0","0","0","0","0","0","0","0","","empty_list","[32m2026-09-24 16:01:17[0m | [33m[1mWARNING [0m | [fetch] http 内容不足/疑似空壳，改用 playwright: http://www.yctv.com.cn","e3f6940c-52f7-44b8-8566-f4fdc2ad4aa0-3bfa0117-84dd-4f83-8ebd-76889cafd63b-fab2b225-fe1b-4c33-b368-1d8cbd610978.json","e3f6940c-52f7-44b8-8566-f4fdc2ad4aa0-3bfa0117-84dd-4f83-8ebd-76889cafd63b-fab2b225-fe1b-4c33-b368-1d8cbd610978.log"
"9c259287-10be-4684-8583-eafeb1249c3f","b46b5c33-ceaa-4e94-95fd-f49873cb99f2","羊城晚报","http://www.ycwb.com","website","html","true","success","原有/共用规则","成功","1","9","112","10","1","0","0","9","0","0","","","[32m2026-09-24 16:01:17[0m | [33m[1mWARNING [0m | [fetch] http 内容不足/疑似空壳，改用 playwright: http://www.ycwb.com
[32m2026-09-24 16:01:28[0m | [33m[1mWARNING [0m | [fetch] http 内容不足/疑似空壳，改用 playwright: https://news.ycwb.com/ikimvkbtio/content_54304663.htm
[32m2026-09-24 16:01:42[0m | [33m[1mWARNING [0m | [fetch] http 内容不足/疑似空壳，改用 playwright: https://news.ycwb.com/ikimvkbtii/content_54302545.htm
[32m2026-09-24 16:01:52[0m | [33m[1mWARNING [0m | [fetch] http 内容不足/疑似空壳，改用 playwright: https://news.ycwb.com/ikimvkbtio/content_54304577.htm
[32m2026-09-24 16:01:59[0m | [33m[1mWARNING [0m | [fetch] http 内容不足/疑似空壳，改用 playwright: https://news.ycwb.com/ikimvkbtio/content_54304579.htm
[32m2026-09-24 16:02:07[0m | [33m[1mWARNING [0m | [fetch] http 内容不足/疑似空壳，改用 playwright: https://news.ycwb.com/ikimvkbtih/content_54304471.htm
[32m2026-09-24 16:02:24[0m | [33m[1mWARNING [0m | [fetch] http 内容不足/疑似空壳，改用 playwright: https://news.ycwb.com/ikimvkbtih/content_54303971.htm
[32m2026-09-24 16:02:32[0m | [33m[1mWARNING [0m | [fetch] http 内容不足/疑似空壳，改用 playwright: https://news.ycwb.com/ikimvkbtih/content_54303753.htm
[32m2026-09-24 16:02:38[0m | [33m[1mWARNING [0m | [fetch] http 内容不足/疑似空壳，改用 playwright: https://news.ycwb.com/ikimvkbtih/content_54303750.htm
[32m2026-09-24 16:02:44[0m | [33m[1mWARNING [0m | [fetch] http 内容不足/疑似空壳，改用 playwright: https://news.ycwb.com/ikimvkbtii/content_54303264.htm
[32m2026-09-24 16:02:50[0m | [33m[1mWARNING [0m | [fetch] http 内容不足/疑似空壳，改用 playwright: https://news.ycwb.com/ikimvkbtii/content_54302363.htm
detail: Page.goto: Timeout 15000ms exceeded.
Call log:
  - navigating to ""https://news.ycwb.com/ikimvkbtih/content_54304471.htm"", waiting until ""networkidle""
","e3f6940c-52f7-44b8-8566-f4fdc2ad4aa0-9c259287-10be-4684-8583-eafeb1249c3f-5797ef82-b9b4-4c15-8637-a9e1449f16fb.json","e3f6940c-52f7-44b8-8566-f4fdc2ad4aa0-9c259287-10be-4684-8583-eafeb1249c3f-5797ef82-b9b4-4c15-8637-a9e1449f16fb.log"
"c25c2167-8be7-4c06-b399-d4dd537d2e12","ae8431dd-dc68-4483-a61c-05e4bf77f3b5","上观新闻","https://www.shobserver.com/home","website","html","true","success","原有/共用规则","成功","1","9","52","10","1","0","0","9","0","0","","","[32m2026-09-24 16:01:25[0m | [33m[1mWARNING [0m | [fetch] http 内容不足/疑似空壳，改用 playwright: https://www.shobserver.com/staticsg/res/html/web/subsection.html?id=4&v=2.2
[32m2026-09-24 16:01:44[0m | [33m[1mWARNING [0m | [fetch] http 内容不足/疑似空壳，改用 playwright: https://www.shobserver.com/staticsg/res/html/web/subsection.html?id=188&v=2.2
[32m2026-09-24 16:01:56[0m | [33m[1mWARNING [0m | [fetch] http 内容不足/疑似空壳，改用 playwright: https://www.shobserver.com/staticsg/res/html/web/subsection.html?id=336&v=2.2
[32m2026-09-24 16:02:07[0m | [33m[1mWARNING [0m | [fetch] http 内容不足/疑似空壳，改用 playwright: https://www.shobserver.com/staticsg/res/html/web/subsection.html?id=324&v=2.2
[32m2026-09-24 16:02:17[0m | [33m[1mWARNING [0m | [fetch] http 内容不足/疑似空壳，改用 playwright: https://www.shobserver.com/staticsg/res/html/web/subsection.html?id=371&v=2.2
[32m2026-09-24 16:02:29[0m | [33m[1mWARNING [0m | [fetch] http 内容不足/疑似空壳，改用 playwright: https://www.shobserver.com/staticsg/res/html/web/subsection.html?id=266&v=2.2
[32m2026-09-24 16:02:39[0m | [33m[1mWARNING [0m | [fetch] http 内容不足/疑似空壳，改用 playwright: https://www.shobserver.com/staticsg/res/html/web/subsection.html?id=395&v=2.2
[32m2026-09-24 16:02:46[0m | [33m[1mWARNING [0m | [fetch] http 内容不足/疑似空壳，改用 playwright: https://www.shobserver.com/staticsg/res/html/web/subsection.html?id=318&v=2.2
[32m2026-09-24 16:02:56[0m | [33m[1mWARNING [0m | [fetch] http 内容不足/疑似空壳，改用 playwright: https://www.shobserver.com/staticsg/res/html/web/subsection.html?id=64&v=2.2
[32m2026-09-24 16:03:08[0m | [33m[1mWARNING [0m | [fetch] http 内容不足/疑似空壳，改用 playwright: https://www.shobserver.com/staticsg/res/html/web/subsection.html?id=313&v=2.2
detail: Page.goto: Timeout 15000ms exceeded.
Call log:
  - navigating to ""https://www.shobserver.com/staticsg/res/html/web/subsection.html?id=4&v=2.2"", waiting until ""networkidle""
","e3f6940c-52f7-44b8-8566-f4fdc2ad4aa0-c25c2167-8be7-4c06-b399-d4dd537d2e12-59dbaa2c-d5e9-4bba-8546-9556a609790c.json","e3f6940c-52f7-44b8-8566-f4fdc2ad4aa0-c25c2167-8be7-4c06-b399-d4dd537d2e12-59dbaa2c-d5e9-4bba-8546-9556a609790c.log"
"d07eddef-8b5c-4783-96f4-13dcac77ed19","3c8e29b9-a0b3-4464-ac42-63508d08312f","山东广播电视台","http://www.sdtv.com.cn","website","html","false","failed","原有/共用规则","HTTP 5xx（站点或代理）","1","0","0","0","0","0","0","0","0","0","","empty_list","[32m2026-09-24 16:01:18[0m | [33m[1mWARNING [0m | [fetch] http 失败，准备 playwright: http://www.sdtv.com.cn -> Server error '502 Bad Gateway' for url 'http://www.sdtv.com.cn'","e3f6940c-52f7-44b8-8566-f4fdc2ad4aa0-d07eddef-8b5c-4783-96f4-13dcac77ed19-d324a599-2c17-4da3-ac57-814a39bfecfb.json","e3f6940c-52f7-44b8-8566-f4fdc2ad4aa0-d07eddef-8b5c-4783-96f4-13dcac77ed19-d324a599-2c17-4da3-ac57-814a39bfecfb.log"
"6c039ad2-065a-461c-99d6-77ca17bd12c6","f04a4d70-cc2c-4a1c-97dd-540c381d7532","广州日报报业集团","http://www.gzdaily.com","website","html","false","failed","原有/共用规则","未提取到列表链接（未证明当天无更新）","1","0","0","0","0","0","0","0","0","0","","empty_list","[32m2026-09-24 16:03:27[0m | [33m[1mWARNING [0m | [fetch] http 内容不足/疑似空壳，改用 playwright: http://www.gzdaily.com","e3f6940c-52f7-44b8-8566-f4fdc2ad4aa0-6c039ad2-065a-461c-99d6-77ca17bd12c6-69f60ca4-3f95-48e5-9356-2e489476c586.json","e3f6940c-52f7-44b8-8566-f4fdc2ad4aa0-6c039ad2-065a-461c-99d6-77ca17bd12c6-69f60ca4-3f95-48e5-9356-2e489476c586.log"
"701a8aa4-8126-4e0e-9567-2554ed8c0c52","abd83467-befb-464a-afa9-2f28e3052f0b","新快报","https://www.xkb.com.cn","website","html","true","success","原有/共用规则","成功","1","10","42","10","0","10","0","0","0","0","","","","e3f6940c-52f7-44b8-8566-f4fdc2ad4aa0-701a8aa4-8126-4e0e-9567-2554ed8c0c52-2ac307de-ba95-4b2f-ad61-7be2b28e0c1b.json","e3f6940c-52f7-44b8-8566-f4fdc2ad4aa0-701a8aa4-8126-4e0e-9567-2554ed8c0c52-2ac307de-ba95-4b2f-ad61-7be2b28e0c1b.log"
"417a65ed-6c1a-469b-91c6-1016648a760d","1856ca2a-93aa-4075-a1e5-3c88d00c96bc","云南日报","https://www.yndaily.com/","website","html","true","success","原有/共用规则","成功","1","10","25","10","0","0","0","10","0","0","","","","e3f6940c-52f7-44b8-8566-f4fdc2ad4aa0-417a65ed-6c1a-469b-91c6-1016648a760d-f02bcd3f-11ef-4d27-9563-1ddc43987a34.json","e3f6940c-52f7-44b8-8566-f4fdc2ad4aa0-417a65ed-6c1a-469b-91c6-1016648a760d-f02bcd3f-11ef-4d27-9563-1ddc43987a34.log"
"11f9b432-d220-4a81-810a-65b5e0f6db99","6377308c-a6a6-4ebb-96af-329611ce73b6","深圳广播电影电视集团","http://www.szmg.com.cn","website","html","true","success","原有/共用规则","成功","1","10","13","10","0","10","0","0","0","0","","","","e3f6940c-52f7-44b8-8566-f4fdc2ad4aa0-11f9b432-d220-4a81-810a-65b5e0f6db99-0e2e372c-83fa-4f67-ad99-6fcccba5470c.json","e3f6940c-52f7-44b8-8566-f4fdc2ad4aa0-11f9b432-d220-4a81-810a-65b5e0f6db99-0e2e372c-83fa-4f67-ad99-6fcccba5470c.log"
"426ee21e-2005-4f74-9ebc-6b3c74479a7f","ae8431dd-dc68-4483-a61c-05e4bf77f3b5","上观新闻","https://www.shobserver.com/home","website","html","true","success","原有/共用规则","成功","1","10","52","10","0","0","0","10","0","0","","","[32m2026-09-24 16:03:55[0m | [33m[1mWARNING [0m | [fetch] http 内容不足/疑似空壳，改用 playwright: https://www.shobserver.com/staticsg/res/html/web/subsection.html?id=4&v=2.2
[32m2026-09-24 16:04:05[0m | [33m[1mWARNING [0m | [fetch] http 内容不足/疑似空壳，改用 playwright: https://www.shobserver.com/staticsg/res/html/web/subsection.html?id=188&v=2.2
[32m2026-09-24 16:04:15[0m | [33m[1mWARNING [0m | [fetch] http 内容不足/疑似空壳，改用 playwright: https://www.shobserver.com/staticsg/res/html/web/subsection.html?id=336&v=2.2
[32m2026-09-24 16:04:28[0m | [33m[1mWARNING [0m | [fetch] http 内容不足/疑似空壳，改用 playwright: https://www.shobserver.com/staticsg/res/html/web/subsection.html?id=324&v=2.2
[32m2026-09-24 16:04:38[0m | [33m[1mWARNING [0m | [fetch] http 内容不足/疑似空壳，改用 playwright: https://www.shobserver.com/staticsg/res/html/web/subsection.html?id=371&v=2.2
[32m2026-09-24 16:04:48[0m | [33m[1mWARNING [0m | [fetch] http 内容不足/疑似空壳，改用 playwright: https://www.shobserver.com/staticsg/res/html/web/subsection.html?id=266&v=2.2
[32m2026-09-24 16:04:58[0m | [33m[1mWARNING [0m | [fetch] http 内容不足/疑似空壳，改用 playwright: https://www.shobserver.com/staticsg/res/html/web/subsection.html?id=395&v=2.2
[32m2026-09-24 16:05:06[0m | [33m[1mWARNING [0m | [fetch] http 内容不足/疑似空壳，改用 playwright: https://www.shobserver.com/staticsg/res/html/web/subsection.html?id=318&v=2.2
[32m2026-09-24 16:05:20[0m | [33m[1mWARNING [0m | [fetch] http 内容不足/疑似空壳，改用 playwright: https://www.shobserver.com/staticsg/res/html/web/subsection.html?id=64&v=2.2
[32m2026-09-24 16:05:32[0m | [33m[1mWARNING [0m | [fetch] http 内容不足/疑似空壳，改用 playwright: https://www.shobserver.com/staticsg/res/html/web/subsection.html?id=313&v=2.2","e3f6940c-52f7-44b8-8566-f4fdc2ad4aa0-426ee21e-2005-4f74-9ebc-6b3c74479a7f-af249dce-fc27-4b83-9df7-4056a71f88be.json","e3f6940c-52f7-44b8-8566-f4fdc2ad4aa0-426ee21e-2005-4f74-9ebc-6b3c74479a7f-af249dce-fc27-4b83-9df7-4056a71f88be.log"
"ca932ded-5497-46b7-a8e1-f03eafe4ce60","507e4e81-42d6-4a4d-8c84-7dcac3c36c2b","海南日报","http://www.hndaily.com","website","html","false","failed","原有/共用规则","HTTP 5xx（站点或代理）","1","0","0","0","0","0","0","0","0","0","","empty_list","[32m2026-09-24 16:03:51[0m | [33m[1mWARNING [0m | [fetch] http 失败，准备 playwright: http://www.hndaily.com -> Server error '502 Bad Gateway' for url 'http://www.hndaily.com'","e3f6940c-52f7-44b8-8566-f4fdc2ad4aa0-ca932ded-5497-46b7-a8e1-f03eafe4ce60-27724918-b055-4aba-a070-3dcca042ab75.json","e3f6940c-52f7-44b8-8566-f4fdc2ad4aa0-ca932ded-5497-46b7-a8e1-f03eafe4ce60-27724918-b055-4aba-a070-3dcca042ab75.log"
"dc19851a-a3d5-4a2a-9286-3bff323908ab","aee7a687-b424-45ff-9658-209f2dacec17","昆明日报","http://www.kmzs.cc","website","html","false","failed","原有/共用规则","HTTP 5xx（站点或代理）","1","0","0","0","0","0","0","0","0","0","","empty_list","[32m2026-09-24 16:03:50[0m | [33m[1mWARNING [0m | [fetch] http 失败，准备 playwright: http://www.kmzs.cc -> Server error '502 Bad Gateway' for url 'http://www.kmzs.cc'","e3f6940c-52f7-44b8-8566-f4fdc2ad4aa0-dc19851a-a3d5-4a2a-9286-3bff323908ab-6f3b6af0-bd64-4f50-9f3d-94b541ff05be.json","e3f6940c-52f7-44b8-8566-f4fdc2ad4aa0-dc19851a-a3d5-4a2a-9286-3bff323908ab-6f3b6af0-bd64-4f50-9f3d-94b541ff05be.log"
"b3d9dfa9-2f35-431d-8d7a-617327191917","74f624e9-daac-43b4-b6c9-9a06593ae328","华龙网","https://www.cqnews.net/","website","html","true","success","原有/共用规则","成功","1","10","154","10","0","0","2","8","0","0","","","","e3f6940c-52f7-44b8-8566-f4fdc2ad4aa0-b3d9dfa9-2f35-431d-8d7a-617327191917-fd74b8fe-dc26-4136-a2a4-7fc38c01daa0.json","e3f6940c-52f7-44b8-8566-f4fdc2ad4aa0-b3d9dfa9-2f35-431d-8d7a-617327191917-fd74b8fe-dc26-4136-a2a4-7fc38c01daa0.log"
"550139e0-2ef6-47bc-9809-c8abb9616b30","072b06e9-a72c-43b1-8a94-07de664702ea","解放日报","http://www.jfdaily.com","website","html","true","success","原有/共用规则","成功","1","10","52","10","0","0","0","10","0","0","","","[32m2026-09-24 16:05:59[0m | [33m[1mWARNING [0m | [fetch] http 内容不足/疑似空壳，改用 playwright: https://www.jfdaily.com/staticsg/res/html/web/subsection.html?id=4&v=2.2
[32m2026-09-24 16:06:11[0m | [33m[1mWARNING [0m | [fetch] http 内容不足/疑似空壳，改用 playwright: https://www.jfdaily.com/staticsg/res/html/web/subsection.html?id=188&v=2.2
[32m2026-09-24 16:06:21[0m | [33m[1mWARNING [0m | [fetch] http 内容不足/疑似空壳，改用 playwright: https://www.jfdaily.com/staticsg/res/html/web/subsection.html?id=336&v=2.2
[32m2026-09-24 16:06:31[0m | [33m[1mWARNING [0m | [fetch] http 内容不足/疑似空壳，改用 playwright: https://www.jfdaily.com/staticsg/res/html/web/subsection.html?id=324&v=2.2
[32m2026-09-24 16:06:40[0m | [33m[1mWARNING [0m | [fetch] http 内容不足/疑似空壳，改用 playwright: https://www.jfdaily.com/staticsg/res/html/web/subsection.html?id=371&v=2.2
[32m2026-09-24 16:06:51[0m | [33m[1mWARNING [0m | [fetch] http 内容不足/疑似空壳，改用 playwright: https://www.jfdaily.com/staticsg/res/html/web/subsection.html?id=266&v=2.2
[32m2026-09-24 16:07:00[0m | [33m[1mWARNING [0m | [fetch] http 内容不足/疑似空壳，改用 playwright: https://www.jfdaily.com/staticsg/res/html/web/subsection.html?id=395&v=2.2
[32m2026-09-24 16:07:08[0m | [33m[1mWARNING [0m | [fetch] http 内容不足/疑似空壳，改用 playwright: https://www.jfdaily.com/staticsg/res/html/web/subsection.html?id=318&v=2.2
[32m2026-09-24 16:07:21[0m | [33m[1mWARNING [0m | [fetch] http 内容不足/疑似空壳，改用 playwright: https://www.jfdaily.com/staticsg/res/html/web/subsection.html?id=64&v=2.2
[32m2026-09-24 16:07:31[0m | [33m[1mWARNING [0m | [fetch] http 内容不足/疑似空壳，改用 playwright: https://www.jfdaily.com/staticsg/res/html/web/subsection.html?id=313&v=2.2","e3f6940c-52f7-44b8-8566-f4fdc2ad4aa0-550139e0-2ef6-47bc-9809-c8abb9616b30-346efe33-1a2f-4bce-a370-ab30f45a1737.json","e3f6940c-52f7-44b8-8566-f4fdc2ad4aa0-550139e0-2ef6-47bc-9809-c8abb9616b30-346efe33-1a2f-4bce-a370-ab30f45a1737.log"
"0989bf8b-9b44-43fe-90f4-18553eeb9aea","6377308c-a6a6-4ebb-96af-329611ce73b6","深圳广播电影电视集团","http://www.szmg.com.cn","website","html","true","success","原有/共用规则","成功","1","10","11","10","0","7","0","3","0","0","","","","e3f6940c-52f7-44b8-8566-f4fdc2ad4aa0-0989bf8b-9b44-43fe-90f4-18553eeb9aea-22a7a50c-063a-4222-b014-ad9e3701c6d0.json","e3f6940c-52f7-44b8-8566-f4fdc2ad4aa0-0989bf8b-9b44-43fe-90f4-18553eeb9aea-22a7a50c-063a-4222-b014-ad9e3701c6d0.log"
"e8deb2ad-6753-4732-aa7a-61beda2a38a0","c04ce106-14a3-4dc4-8c53-9c9a2999c1f0","湖北广播电视台","https://news.hbtv.com.cn/","website","html","true","success","原有/共用规则","成功","1","2","63","10","8","2","0","0","0","0","","","[32m2026-09-24 16:06:05[0m | [33m[1mWARNING [0m | [base] playwright 兜底失败 https://news.hbtv.com.cn/p/4632487.html: Page.goto: Timeout 15000ms exceeded.
[32m2026-09-24 16:06:23[0m | [33m[1mWARNING [0m | [base] playwright 兜底失败 https://news.hbtv.com.cn/p/4632602.html: Page.goto: Timeout 15000ms exceeded.
[32m2026-09-24 16:06:41[0m | [33m[1mWARNING [0m | [base] playwright 兜底失败 https://news.hbtv.com.cn/p/4632567.html: Page.goto: Timeout 15000ms exceeded.
[32m2026-09-24 16:06:59[0m | [33m[1mWARNING [0m | [base] playwright 兜底失败 https://news.hbtv.com.cn/p/4632482.html: Page.goto: Timeout 15000ms exceeded.
[32m2026-09-24 16:07:01[0m | [33m[1mWARNING [0m | [fetch] http 内容不足/疑似空壳，改用 playwright: http://news.hbtv.com.cn/z/4631681
[32m2026-09-24 16:07:15[0m | [33m[1mWARNING [0m | [fetch] http 内容不足/疑似空壳，改用 playwright: http://news.hbtv.com.cn/z/4631197
[32m2026-09-24 16:07:22[0m | [33m[1mWARNING [0m | [fetch] http 内容不足/疑似空壳，改用 playwright: http://news.hbtv.com.cn/z/4629067
[32m2026-09-24 16:07:30[0m | [33m[1mWARNING [0m | [fetch] http 内容不足/疑似空壳，改用 playwright: http://news.hbtv.com.cn/z/4620827
[32m2026-09-24 16:08:02[0m | [33m[1mWARNING [0m | [base] playwright 兜底失败 https://news.hbtv.com.cn/p/4632398.html: Page.goto: Timeout 15000ms exceeded.
[32m2026-09-24 16:08:21[0m | [33m[1mWARNING [0m | [base] playwright 兜底失败 https://news.hbtv.com.cn/p/4632519.html: Page.goto: Timeout 15000ms exceeded.
detail: Missing title or substantive body
detail: Missing title or substantive body
detail: Missing title or substantive body
detail: Missing title or substantive body
detail: Missing title or substantive body
detail: Missing title or substantive body
detail: Missing title or substantive body
detail: Missing title or substantive body","e3f6940c-52f7-44b8-8566-f4fdc2ad4aa0-e8deb2ad-6753-4732-aa7a-61beda2a38a0-540d2676-9911-45ac-8b6b-edb3178eb81d.json","e3f6940c-52f7-44b8-8566-f4fdc2ad4aa0-e8deb2ad-6753-4732-aa7a-61beda2a38a0-540d2676-9911-45ac-8b6b-edb3178eb81d.log"
"c72caaed-ca57-480e-8e2a-fa5a0e40561d","b46b5c33-ceaa-4e94-95fd-f49873cb99f2","羊城晚报","http://www.ycwb.com/","website","html","true","success","原有/共用规则","成功","1","9","112","10","1","0","0","9","0","0","","","[32m2026-09-24 16:05:48[0m | [33m[1mWARNING [0m | [fetch] http 内容不足/疑似空壳，改用 playwright: http://www.ycwb.com/
[32m2026-09-24 16:05:56[0m | [33m[1mWARNING [0m | [fetch] http 内容不足/疑似空壳，改用 playwright: https://news.ycwb.com/ikimvkbtio/content_54304663.htm
[32m2026-09-24 16:06:03[0m | [33m[1mWARNING [0m | [fetch] http 内容不足/疑似空壳，改用 playwright: https://news.ycwb.com/ikimvkbtii/content_54302545.htm
[32m2026-09-24 16:06:10[0m | [33m[1mWARNING [0m | [fetch] http 内容不足/疑似空壳，改用 playwright: https://news.ycwb.com/ikimvkbtio/content_54304577.htm
[32m2026-09-24 16:06:17[0m | [33m[1mWARNING [0m | [fetch] http 内容不足/疑似空壳，改用 playwright: https://news.ycwb.com/ikimvkbtio/content_54304579.htm
[32m2026-09-24 16:06:24[0m | [33m[1mWARNING [0m | [fetch] http 内容不足/疑似空壳，改用 playwright: https://news.ycwb.com/ikimvkbtih/content_54304471.htm
[32m2026-09-24 16:06:41[0m | [33m[1mWARNING [0m | [fetch] http 内容不足/疑似空壳，改用 playwright: https://news.ycwb.com/ikimvkbtih/content_54303971.htm
[32m2026-09-24 16:06:52[0m | [33m[1mWARNING [0m | [fetch] http 内容不足/疑似空壳，改用 playwright: https://news.ycwb.com/ikimvkbtih/content_54303753.htm
[32m2026-09-24 16:06:59[0m | [33m[1mWARNING [0m | [fetch] http 内容不足/疑似空壳，改用 playwright: https://news.ycwb.com/ikimvkbtih/content_54303750.htm
[32m2026-09-24 16:07:06[0m | [33m[1mWARNING [0m | [fetch] http 内容不足/疑似空壳，改用 playwright: https://news.ycwb.com/ikimvkbtii/content_54303264.htm
[32m2026-09-24 16:07:13[0m | [33m[1mWARNING [0m | [fetch] http 内容不足/疑似空壳，改用 playwright: https://news.ycwb.com/ikimvkbtii/content_54302363.htm
detail: Page.goto: Timeout 15000ms exceeded.
Call log:
  - navigating to ""https://news.ycwb.com/ikimvkbtih/content_54304471.htm"", waiting until ""networkidle""
","e3f6940c-52f7-44b8-8566-f4fdc2ad4aa0-c72caaed-ca57-480e-8e2a-fa5a0e40561d-9690f941-1ecd-4dce-9207-8e1f7c694288.json","e3f6940c-52f7-44b8-8566-f4fdc2ad4aa0-c72caaed-ca57-480e-8e2a-fa5a0e40561d-9690f941-1ecd-4dce-9207-8e1f7c694288.log"
"5decbaa3-11f5-4284-8d4b-69a2e1688b67","736ef9bc-40ef-4ee6-8264-39d6efb50ac3","河南广播电视台","https://www.hntv.tv/","website","html","true","success","原有/共用规则","成功","1","1","175","10","9","0","0","1","0","0","","","[32m2026-09-24 16:08:35[0m | [33m[1mWARNING [0m | [fetch] http 内容不足/疑似空壳，改用 playwright: https://www.hntv.tv/rdyyb/article/1/2086637323272515586?v=1.0&from=dxhome
[32m2026-09-24 16:08:52[0m | [33m[1mWARNING [0m | [fetch] http 内容不足/疑似空壳，改用 playwright: https://www.hntv.tv/news/0/2102935040193916929?v=1.0&from=dxhome
[32m2026-09-24 16:09:08[0m | [33m[1mWARNING [0m | [fetch] http 内容不足/疑似空壳，改用 playwright: https://www.hntv.tv/50rd/article/1/2102889061613449217?v=1.0&from=dxhome
[32m2026-09-24 16:09:21[0m | [33m[1mWARNING [0m | [fetch] http 内容不足/疑似空壳，改用 playwright: https://www.hntv.tv/50rd/article/1/2102907512997736450?v=1.0&from=dxhome
[32m2026-09-24 16:09:33[0m | [33m[1mWARNING [0m | [fetch] http 内容不足/疑似空壳，改用 playwright: https://www.hntv.tv/50rd/article/1/2102922948521979905?v=1.0&from=dxhome
[32m2026-09-24 16:09:44[0m | [33m[1mWARNING [0m | [fetch] http 内容不足/疑似空壳，改用 playwright: https://www.hntv.tv/50rd/article/1/2102929603641040897?v=1.0&from=dxhome
[32m2026-09-24 16:09:56[0m | [33m[1mWARNING [0m | [fetch] http 内容不足/疑似空壳，改用 playwright: https://www.hntv.tv/news/0/2102981950603407361?v=1.0&from=dxhome
[32m2026-09-24 16:10:03[0m | [33m[1mWARNING [0m | [fetch] http 内容不足/疑似空壳，改用 playwright: https://www.hntv.tv/news/0/2102971198262599682?v=1.0&from=dxhome
detail: Missing title or substantive body
detail: Missing title or substantive body
detail: Missing title or substantive body
detail: Missing title or substantive body
detail: Missing title or substantive body
detail: Missing title or substantive body
detail: Missing title or substantive body
detail: Page.content: Unable to retrieve content because the page is navigating and changing the content.
detail: Missing title or substantive body","e3f6940c-52f7-44b8-8566-f4fdc2ad4aa0-5decbaa3-11f5-4284-8d4b-69a2e1688b67-61c5a73f-6c2c-4c5d-aa49-2fbb6813bf95.json","e3f6940c-52f7-44b8-8566-f4fdc2ad4aa0-5decbaa3-11f5-4284-8d4b-69a2e1688b67-61c5a73f-6c2c-4c5d-aa49-2fbb6813bf95.log"
"e88a2818-9ddf-4f66-90d0-fc2c1cec69c4","c04ce106-14a3-4dc4-8c53-9c9a2999c1f0","湖北广播电视台","http://www.hbtv.com.cn","website","html","true","success","原有/共用规则","成功","1","2","63","10","8","0","0","2","0","0","","","[32m2026-09-24 16:08:44[0m | [33m[1mWARNING [0m | [base] playwright 兜底失败 https://news.hbtv.com.cn/p/4632487.html: Page.goto: Timeout 15000ms exceeded.
[32m2026-09-24 16:09:02[0m | [33m[1mWARNING [0m | [base] playwright 兜底失败 https://news.hbtv.com.cn/p/4632602.html: Page.goto: Timeout 15000ms exceeded.
[32m2026-09-24 16:09:19[0m | [33m[1mWARNING [0m | [base] playwright 兜底失败 https://news.hbtv.com.cn/p/4632567.html: Page.goto: Timeout 15000ms exceeded.
[32m2026-09-24 16:09:37[0m | [33m[1mWARNING [0m | [base] playwright 兜底失败 https://news.hbtv.com.cn/p/4632482.html: Page.goto: Timeout 15000ms exceeded.
[32m2026-09-24 16:09:40[0m | [33m[1mWARNING [0m | [fetch] http 内容不足/疑似空壳，改用 playwright: http://news.hbtv.com.cn/z/4631681
[32m2026-09-24 16:09:56[0m | [33m[1mWARNING [0m | [fetch] http 内容不足/疑似空壳，改用 playwright: http://news.hbtv.com.cn/z/4631197
[32m2026-09-24 16:10:07[0m | [33m[1mWARNING [0m | [fetch] http 内容不足/疑似空壳，改用 playwright: http://news.hbtv.com.cn/z/4629067
[32m2026-09-24 16:10:16[0m | [33m[1mWARNING [0m | [fetch] http 内容不足/疑似空壳，改用 playwright: http://news.hbtv.com.cn/z/4620827
[32m2026-09-24 16:10:46[0m | [33m[1mWARNING [0m | [base] playwright 兜底失败 https://news.hbtv.com.cn/p/4632398.html: Page.goto: Timeout 15000ms exceeded.
[32m2026-09-24 16:11:04[0m | [33m[1mWARNING [0m | [base] playwright 兜底失败 https://news.hbtv.com.cn/p/4632519.html: Page.goto: Timeout 15000ms exceeded.
detail: Missing title or substantive body
detail: Missing title or substantive body
detail: Missing title or substantive body
detail: Missing title or substantive body
detail: Missing title or substantive body
detail: Missing title or substantive body
detail: Missing title or substantive body
detail: Missing title or substantive body","e3f6940c-52f7-44b8-8566-f4fdc2ad4aa0-e88a2818-9ddf-4f66-90d0-fc2c1cec69c4-83ec5ada-97ee-4bf4-9468-12ed770ef929.json","e3f6940c-52f7-44b8-8566-f4fdc2ad4aa0-e88a2818-9ddf-4f66-90d0-fc2c1cec69c4-83ec5ada-97ee-4bf4-9468-12ed770ef929.log"
"676ab035-59e2-4989-b8f8-2a7abbea9e97","072b06e9-a72c-43b1-8a94-07de664702ea","解放日报","https://www.jfdaily.com/","website","html","true","success","原有/共用规则","成功","1","10","52","10","0","0","0","10","0","0","","","[32m2026-09-24 16:08:33[0m | [33m[1mWARNING [0m | [fetch] http 内容不足/疑似空壳，改用 playwright: https://www.jfdaily.com/staticsg/res/html/web/subsection.html?id=4&v=2.2
[32m2026-09-24 16:08:48[0m | [33m[1mWARNING [0m | [fetch] http 内容不足/疑似空壳，改用 playwright: https://www.jfdaily.com/staticsg/res/html/web/subsection.html?id=188&v=2.2
[32m2026-09-24 16:09:08[0m | [33m[1mWARNING [0m | [fetch] http 内容不足/疑似空壳，改用 playwright: https://www.jfdaily.com/staticsg/res/html/web/subsection.html?id=336&v=2.2
[32m2026-09-24 16:09:21[0m | [33m[1mWARNING [0m | [fetch] http 内容不足/疑似空壳，改用 playwright: https://www.jfdaily.com/staticsg/res/html/web/subsection.html?id=324&v=2.2
[32m2026-09-24 16:09:32[0m | [33m[1mWARNING [0m | [fetch] http 内容不足/疑似空壳，改用 playwright: https://www.jfdaily.com/staticsg/res/html/web/subsection.html?id=371&v=2.2
[32m2026-09-24 16:09:44[0m | [33m[1mWARNING [0m | [fetch] http 内容不足/疑似空壳，改用 playwright: https://www.jfdaily.com/staticsg/res/html/web/subsection.html?id=266&v=2.2
[32m2026-09-24 16:09:56[0m | [33m[1mWARNING [0m | [fetch] http 内容不足/疑似空壳，改用 playwright: https://www.jfdaily.com/staticsg/res/html/web/subsection.html?id=395&v=2.2
[32m2026-09-24 16:10:05[0m | [33m[1mWARNING [0m | [fetch] http 内容不足/疑似空壳，改用 playwright: https://www.jfdaily.com/staticsg/res/html/web/subsection.html?id=318&v=2.2
[32m2026-09-24 16:10:17[0m | [33m[1mWARNING [0m | [fetch] http 内容不足/疑似空壳，改用 playwright: https://www.jfdaily.com/staticsg/res/html/web/subsection.html?id=64&v=2.2
[32m2026-09-24 16:10:30[0m | [33m[1mWARNING [0m | [fetch] http 内容不足/疑似空壳，改用 playwright: https://www.jfdaily.com/staticsg/res/html/web/subsection.html?id=313&v=2.2","e3f6940c-52f7-44b8-8566-f4fdc2ad4aa0-676ab035-59e2-4989-b8f8-2a7abbea9e97-3f81e458-66f6-4e41-9260-92e643f1d8b8.json","e3f6940c-52f7-44b8-8566-f4fdc2ad4aa0-676ab035-59e2-4989-b8f8-2a7abbea9e97-3f81e458-66f6-4e41-9260-92e643f1d8b8.log"
"bc248474-68ad-40a8-b20c-562bbb88f803","ae8431dd-dc68-4483-a61c-05e4bf77f3b5","上观新闻","https://www.shobserver.com/home","website","html","true","success","原有/共用规则","成功","1","9","52","10","1","0","0","9","0","0","","","[32m2026-09-24 16:08:33[0m | [33m[1mWARNING [0m | [fetch] http 内容不足/疑似空壳，改用 playwright: https://www.shobserver.com/staticsg/res/html/web/subsection.html?id=4&v=2.2
[32m2026-09-24 16:08:47[0m | [33m[1mWARNING [0m | [fetch] http 内容不足/疑似空壳，改用 playwright: https://www.shobserver.com/staticsg/res/html/web/subsection.html?id=188&v=2.2
[32m2026-09-24 16:09:06[0m | [33m[1mWARNING [0m | [fetch] http 内容不足/疑似空壳，改用 playwright: https://www.shobserver.com/staticsg/res/html/web/subsection.html?id=336&v=2.2
[32m2026-09-24 16:09:17[0m | [33m[1mWARNING [0m | [fetch] http 内容不足/疑似空壳，改用 playwright: https://www.shobserver.com/staticsg/res/html/web/subsection.html?id=324&v=2.2
[32m2026-09-24 16:09:27[0m | [33m[1mWARNING [0m | [fetch] http 内容不足/疑似空壳，改用 playwright: https://www.shobserver.com/staticsg/res/html/web/subsection.html?id=371&v=2.2
[32m2026-09-24 16:09:39[0m | [33m[1mWARNING [0m | [fetch] http 内容不足/疑似空壳，改用 playwright: https://www.shobserver.com/staticsg/res/html/web/subsection.html?id=266&v=2.2
[32m2026-09-24 16:09:51[0m | [33m[1mWARNING [0m | [fetch] http 内容不足/疑似空壳，改用 playwright: https://www.shobserver.com/staticsg/res/html/web/subsection.html?id=395&v=2.2
[32m2026-09-24 16:10:02[0m | [33m[1mWARNING [0m | [fetch] http 内容不足/疑似空壳，改用 playwright: https://www.shobserver.com/staticsg/res/html/web/subsection.html?id=318&v=2.2
[32m2026-09-24 16:10:16[0m | [33m[1mWARNING [0m | [fetch] http 内容不足/疑似空壳，改用 playwright: https://www.shobserver.com/staticsg/res/html/web/subsection.html?id=64&v=2.2
[32m2026-09-24 16:10:29[0m | [33m[1mWARNING [0m | [fetch] http 内容不足/疑似空壳，改用 playwright: https://www.shobserver.com/staticsg/res/html/web/subsection.html?id=313&v=2.2
detail: Page.goto: Timeout 15000ms exceeded.
Call log:
  - navigating to ""https://www.shobserver.com/staticsg/res/html/web/subsection.html?id=188&v=2.2"", waiting until ""networkidle""
","e3f6940c-52f7-44b8-8566-f4fdc2ad4aa0-bc248474-68ad-40a8-b20c-562bbb88f803-837322ef-a3f7-4ca3-92f3-ca8636fd245c.json","e3f6940c-52f7-44b8-8566-f4fdc2ad4aa0-bc248474-68ad-40a8-b20c-562bbb88f803-837322ef-a3f7-4ca3-92f3-ca8636fd245c.log"
"21ec8650-92b4-47c9-8615-8575faeb0fe9","c04ce106-14a3-4dc4-8c53-9c9a2999c1f0","湖北广播电视台","http://www.hbtv.com.cn","website","html","true","success","原有/共用规则","成功","1","2","63","10","8","0","0","2","0","0","","","[32m2026-09-24 16:11:27[0m | [33m[1mWARNING [0m | [base] playwright 兜底失败 https://news.hbtv.com.cn/p/4632487.html: Page.goto: Timeout 15000ms exceeded.
[32m2026-09-24 16:11:45[0m | [33m[1mWARNING [0m | [base] playwright 兜底失败 https://news.hbtv.com.cn/p/4632602.html: Page.goto: Timeout 15000ms exceeded.
[32m2026-09-24 16:12:02[0m | [33m[1mWARNING [0m | [base] playwright 兜底失败 https://news.hbtv.com.cn/p/4632567.html: Page.goto: Timeout 15000ms exceeded.
[32m2026-09-24 16:12:21[0m | [33m[1mWARNING [0m | [base] playwright 兜底失败 https://news.hbtv.com.cn/p/4632482.html: Page.goto: Timeout 15000ms exceeded.
[32m2026-09-24 16:12:23[0m | [33m[1mWARNING [0m | [fetch] http 内容不足/疑似空壳，改用 playwright: http://news.hbtv.com.cn/z/4631681
[32m2026-09-24 16:12:42[0m | [33m[1mWARNING [0m | [fetch] http 内容不足/疑似空壳，改用 playwright: http://news.hbtv.com.cn/z/4631197
[32m2026-09-24 16:12:53[0m | [33m[1mWARNING [0m | [fetch] http 内容不足/疑似空壳，改用 playwright: http://news.hbtv.com.cn/z/4629067
[32m2026-09-24 16:13:01[0m | [33m[1mWARNING [0m | [fetch] http 内容不足/疑似空壳，改用 playwright: http://news.hbtv.com.cn/z/4620827
[32m2026-09-24 16:13:33[0m | [33m[1mWARNING [0m | [base] playwright 兜底失败 https://news.hbtv.com.cn/p/4632398.html: Page.goto: Timeout 15000ms exceeded.
[32m2026-09-24 16:13:50[0m | [33m[1mWARNING [0m | [base] playwright 兜底失败 https://news.hbtv.com.cn/p/4632519.html: Page.goto: Timeout 15000ms exceeded.
detail: Missing title or substantive body
detail: Missing title or substantive body
detail: Missing title or substantive body
detail: Missing title or substantive body
detail: Missing title or substantive body
detail: Missing title or substantive body
detail: Missing title or substantive body
detail: Missing title or substantive body","e3f6940c-52f7-44b8-8566-f4fdc2ad4aa0-21ec8650-92b4-47c9-8615-8575faeb0fe9-1f956b58-08fc-49e0-8813-5763df9962f9.json","e3f6940c-52f7-44b8-8566-f4fdc2ad4aa0-21ec8650-92b4-47c9-8615-8575faeb0fe9-1f956b58-08fc-49e0-8813-5763df9962f9.log"
"626c9703-d713-4520-8123-0cedff7eada5","7e08e4b1-bf5b-4f83-a12d-9c7c2863057f","大众日报","https://www.dzwww.com/synr/ttbt/","website","html","true","success","原有/共用规则","成功","1","10","64","10","0","10","0","0","0","0","","","","e3f6940c-52f7-44b8-8566-f4fdc2ad4aa0-626c9703-d713-4520-8123-0cedff7eada5-28cdc943-c42e-44a6-a64b-2129cff4664f.json","e3f6940c-52f7-44b8-8566-f4fdc2ad4aa0-626c9703-d713-4520-8123-0cedff7eada5-28cdc943-c42e-44a6-a64b-2129cff4664f.log"
"90efe654-236b-40bf-93a6-ec25054a49fa","d7fbb7e4-9985-416a-92a3-a07913188d43","郑州报业集团","http://www.zynews.com","website","html","false","failed","原有/共用规则","网络/TLS/超时","1","0","0","0","0","0","0","0","0","0","","empty_list","[32m2026-09-24 16:11:24[0m | [33m[1mWARNING [0m | [fetch] http 失败，准备 playwright: http://www.zynews.com -> 
[32m2026-09-24 16:11:41[0m | [33m[1mWARNING [0m | [generic] 列表页失败 http://www.zynews.com: Page.goto: Timeout 15000ms exceeded.","e3f6940c-52f7-44b8-8566-f4fdc2ad4aa0-90efe654-236b-40bf-93a6-ec25054a49fa-5a55d7fc-ca2c-4831-85d8-29d3831c7deb.json","e3f6940c-52f7-44b8-8566-f4fdc2ad4aa0-90efe654-236b-40bf-93a6-ec25054a49fa-5a55d7fc-ca2c-4831-85d8-29d3831c7deb.log"
"ebe3da58-1e98-46b0-9ce9-4b93d8c5bded","072b06e9-a72c-43b1-8a94-07de664702ea","解放日报","http://www.jfdaily.com","website","html","true","success","原有/共用规则","成功","1","10","52","10","0","0","0","10","0","0","","","[32m2026-09-24 16:11:15[0m | [33m[1mWARNING [0m | [fetch] http 内容不足/疑似空壳，改用 playwright: https://www.jfdaily.com/staticsg/res/html/web/subsection.html?id=4&v=2.2
[32m2026-09-24 16:11:26[0m | [33m[1mWARNING [0m | [fetch] http 内容不足/疑似空壳，改用 playwright: https://www.jfdaily.com/staticsg/res/html/web/subsection.html?id=188&v=2.2
[32m2026-09-24 16:11:42[0m | [33m[1mWARNING [0m | [fetch] http 内容不足/疑似空壳，改用 playwright: https://www.jfdaily.com/staticsg/res/html/web/subsection.html?id=336&v=2.2
[32m2026-09-24 16:11:58[0m | [33m[1mWARNING [0m | [fetch] http 内容不足/疑似空壳，改用 playwright: https://www.jfdaily.com/staticsg/res/html/web/subsection.html?id=324&v=2.2
[32m2026-09-24 16:12:09[0m | [33m[1mWARNING [0m | [fetch] http 内容不足/疑似空壳，改用 playwright: https://www.jfdaily.com/staticsg/res/html/web/subsection.html?id=371&v=2.2
[32m2026-09-24 16:12:21[0m | [33m[1mWARNING [0m | [fetch] http 内容不足/疑似空壳，改用 playwright: https://www.jfdaily.com/staticsg/res/html/web/subsection.html?id=266&v=2.2
[32m2026-09-24 16:12:34[0m | [33m[1mWARNING [0m | [fetch] http 内容不足/疑似空壳，改用 playwright: https://www.jfdaily.com/staticsg/res/html/web/subsection.html?id=395&v=2.2
[32m2026-09-24 16:12:47[0m | [33m[1mWARNING [0m | [fetch] http 内容不足/疑似空壳，改用 playwright: https://www.jfdaily.com/staticsg/res/html/web/subsection.html?id=318&v=2.2
[32m2026-09-24 16:13:02[0m | [33m[1mWARNING [0m | [fetch] http 内容不足/疑似空壳，改用 playwright: https://www.jfdaily.com/staticsg/res/html/web/subsection.html?id=64&v=2.2
[32m2026-09-24 16:13:18[0m | [33m[1mWARNING [0m | [fetch] http 内容不足/疑似空壳，改用 playwright: https://www.jfdaily.com/staticsg/res/html/web/subsection.html?id=313&v=2.2","e3f6940c-52f7-44b8-8566-f4fdc2ad4aa0-ebe3da58-1e98-46b0-9ce9-4b93d8c5bded-cc362ee9-c9d5-4980-9d54-020cfc39620b.json","e3f6940c-52f7-44b8-8566-f4fdc2ad4aa0-ebe3da58-1e98-46b0-9ce9-4b93d8c5bded-cc362ee9-c9d5-4980-9d54-020cfc39620b.log"
"d8e67302-4188-4b62-a70d-d9e999c4bf5b","6e06221e-c293-42c3-8615-5465e1031737","广州日报","https://www.dayoo.com/","website","html","true","success","原有/共用规则","成功","1","9","111","10","1","6","0","3","0","0","","","detail: Missing title or substantive body","e3f6940c-52f7-44b8-8566-f4fdc2ad4aa0-d8e67302-4188-4b62-a70d-d9e999c4bf5b-7501bff9-1ec0-4502-8002-ce285d274754.json","e3f6940c-52f7-44b8-8566-f4fdc2ad4aa0-d8e67302-4188-4b62-a70d-d9e999c4bf5b-7501bff9-1ec0-4502-8002-ce285d274754.log"
"90a0e2c7-5812-483d-8d3f-16a771999028","cb710aa9-0d89-4b9d-b4b6-146249e5acfb","信息时报","https://www.xxsb.com/","website","html","false","failed","原有/共用规则","未提取到列表链接（未证明当天无更新）","1","0","0","0","0","0","0","0","0","0","","empty_list","","e3f6940c-52f7-44b8-8566-f4fdc2ad4aa0-90a0e2c7-5812-483d-8d3f-16a771999028-6dcc7051-77dc-4938-bb3a-47d05795a13f.json","e3f6940c-52f7-44b8-8566-f4fdc2ad4aa0-90a0e2c7-5812-483d-8d3f-16a771999028-6dcc7051-77dc-4938-bb3a-47d05795a13f.log"
"a68a0a25-d30d-4c96-b97f-04ce2466dfe6","7e08e4b1-bf5b-4f83-a12d-9c7c2863057f","大众日报","http://paper.dzwww.com","website","html","false","failed","原有/共用规则","详情无有效文章","1","0","1","1","1","0","0","0","0","0","","no_valid_articles","[32m2026-09-24 16:14:00[0m | [33m[1mWARNING [0m | [fetch] http 内容不足/疑似空壳，改用 playwright: http://paper.dzwww.com/inlink/qdcaijing.htm
detail: Missing title or substantive body","e3f6940c-52f7-44b8-8566-f4fdc2ad4aa0-a68a0a25-d30d-4c96-b97f-04ce2466dfe6-e6a51081-9e67-485d-ba82-2c4c4f76c7fa.json","e3f6940c-52f7-44b8-8566-f4fdc2ad4aa0-a68a0a25-d30d-4c96-b97f-04ce2466dfe6-e6a51081-9e67-485d-ba82-2c4c4f76c7fa.log"
"1f890937-4311-4bc2-9103-99f03c3eaece","736ef9bc-40ef-4ee6-8264-39d6efb50ac3","河南广播电视台","http://www.hntv.tv","website","html","true","success","原有/共用规则","成功","1","1","175","10","9","0","0","1","0","0","","","[32m2026-09-24 16:14:03[0m | [33m[1mWARNING [0m | [fetch] http 内容不足/疑似空壳，改用 playwright: https://www.hntv.tv/rdyyb/article/1/2086637323272515586?v=1.0&from=dxhome
[32m2026-09-24 16:14:14[0m | [33m[1mWARNING [0m | [fetch] http 内容不足/疑似空壳，改用 playwright: http://www.hntv.tv/news/0/2102935040193916929?v=1.0&from=dxhome
[32m2026-09-24 16:14:25[0m | [33m[1mWARNING [0m | [fetch] http 内容不足/疑似空壳，改用 playwright: https://www.hntv.tv/50rd/article/1/2102889061613449217?v=1.0&from=dxhome
[32m2026-09-24 16:14:45[0m | [33m[1mWARNING [0m | [fetch] http 内容不足/疑似空壳，改用 playwright: https://www.hntv.tv/50rd/article/1/2102907512997736450?v=1.0&from=dxhome
[32m2026-09-24 16:14:58[0m | [33m[1mWARNING [0m | [fetch] http 内容不足/疑似空壳，改用 playwright: https://www.hntv.tv/50rd/article/1/2102922948521979905?v=1.0&from=dxhome
[32m2026-09-24 16:15:08[0m | [33m[1mWARNING [0m | [fetch] http 内容不足/疑似空壳，改用 playwright: https://www.hntv.tv/50rd/article/1/2102929603641040897?v=1.0&from=dxhome
[32m2026-09-24 16:15:22[0m | [33m[1mWARNING [0m | [fetch] http 内容不足/疑似空壳，改用 playwright: https://www.hntv.tv/news/0/2102981950603407361?v=1.0&from=dxhome
[32m2026-09-24 16:15:33[0m | [33m[1mWARNING [0m | [fetch] http 内容不足/疑似空壳，改用 playwright: https://www.hntv.tv/news/0/2102971198262599682?v=1.0&from=dxhome
detail: Missing title or substantive body
detail: Missing title or substantive body
detail: Missing title or substantive body
detail: Missing title or substantive body
detail: Missing title or substantive body
detail: Missing title or substantive body
detail: Missing title or substantive body
detail: Missing title or substantive body
detail: Missing title or substantive body","e3f6940c-52f7-44b8-8566-f4fdc2ad4aa0-1f890937-4311-4bc2-9103-99f03c3eaece-bf32b55d-4087-4d22-9e65-389053700baa.json","e3f6940c-52f7-44b8-8566-f4fdc2ad4aa0-1f890937-4311-4bc2-9103-99f03c3eaece-bf32b55d-4087-4d22-9e65-389053700baa.log"
"c09bc541-51dc-421e-a1af-2c1337044137","7e08e4b1-bf5b-4f83-a12d-9c7c2863057f","大众日报","http://paper.dzwww.com","website","html","false","failed","原有/共用规则","详情无有效文章","1","0","1","1","1","0","0","0","0","0","","no_valid_articles","[32m2026-09-24 16:15:52[0m | [33m[1mWARNING [0m | [fetch] http 内容不足/疑似空壳，改用 playwright: http://paper.dzwww.com/inlink/qdcaijing.htm
detail: Missing title or substantive body","e3f6940c-52f7-44b8-8566-f4fdc2ad4aa0-c09bc541-51dc-421e-a1af-2c1337044137-91e84de8-9224-46ec-a605-b8033fbc7617.json","e3f6940c-52f7-44b8-8566-f4fdc2ad4aa0-c09bc541-51dc-421e-a1af-2c1337044137-91e84de8-9224-46ec-a605-b8033fbc7617.log"
"de2b403d-03e3-4119-b385-9bdd10827396","cf09900f-3b1c-4438-b247-4ddec184fde9","南方都市报","https://www.oeeee.com","website","html","true","success","原有/共用规则","成功","1","8","69","10","2","7","0","1","0","0","","","[32m2026-09-24 16:16:05[0m | [33m[1mWARNING [0m | [base] playwright 兜底失败 https://www.oeeee.com/html/202609/24/1746285.html: Page.goto: Timeout 15000ms exceeded.
[32m2026-09-24 16:16:23[0m | [33m[1mWARNING [0m | [base] playwright 兜底失败 https://www.oeeee.com/html/202609/24/1746288.html: Page.goto: Timeout 15000ms exceeded.
[32m2026-09-24 16:16:30[0m | [33m[1mWARNING [0m | [fetch] http 内容不足/疑似空壳，改用 playwright: https://m.mp.oeeee.com/a/BAAFRD0000202609241672269.html
detail: Missing title or substantive body
detail: Missing title or substantive body","e3f6940c-52f7-44b8-8566-f4fdc2ad4aa0-de2b403d-03e3-4119-b385-9bdd10827396-be5a4c1e-4d73-48d6-9241-6fa212c635fc.json","e3f6940c-52f7-44b8-8566-f4fdc2ad4aa0-de2b403d-03e3-4119-b385-9bdd10827396-be5a4c1e-4d73-48d6-9241-6fa212c635fc.log"
"d3fe6108-0d6d-41f7-8061-62a9bdcf5018","92a14871-1203-468e-994c-f3fcb9f947eb","人民日报","https://www.people.com.cn/GB/59476/index.html","website","html","true","success","原有/共用规则","成功","1","10","35","10","0","0","0","10","0","0","","","","e3f6940c-52f7-44b8-8566-f4fdc2ad4aa0-d3fe6108-0d6d-41f7-8061-62a9bdcf5018-0180e78b-fadb-436b-ac07-af8f0e6566b0.json","e3f6940c-52f7-44b8-8566-f4fdc2ad4aa0-d3fe6108-0d6d-41f7-8061-62a9bdcf5018-0180e78b-fadb-436b-ac07-af8f0e6566b0.log"
"3b3e8713-d9d1-4b60-b727-d942f755b3ac","736ef9bc-40ef-4ee6-8264-39d6efb50ac3","河南广播电视台","http://www.hntv.tv","website","html","true","success","原有/共用规则","成功","1","1","175","10","9","0","0","1","0","0","","","[32m2026-09-24 16:15:57[0m | [33m[1mWARNING [0m | [fetch] http 内容不足/疑似空壳，改用 playwright: https://www.hntv.tv/rdyyb/article/1/2086637323272515586?v=1.0&from=dxhome
[32m2026-09-24 16:16:10[0m | [33m[1mWARNING [0m | [fetch] http 内容不足/疑似空壳，改用 playwright: http://www.hntv.tv/news/0/2102935040193916929?v=1.0&from=dxhome
[32m2026-09-24 16:16:20[0m | [33m[1mWARNING [0m | [fetch] http 内容不足/疑似空壳，改用 playwright: https://www.hntv.tv/50rd/article/1/2102889061613449217?v=1.0&from=dxhome
[32m2026-09-24 16:16:35[0m | [33m[1mWARNING [0m | [fetch] http 内容不足/疑似空壳，改用 playwright: https://www.hntv.tv/50rd/article/1/2102907512997736450?v=1.0&from=dxhome
[32m2026-09-24 16:16:47[0m | [33m[1mWARNING [0m | [fetch] http 内容不足/疑似空壳，改用 playwright: https://www.hntv.tv/50rd/article/1/2102922948521979905?v=1.0&from=dxhome
[32m2026-09-24 16:16:58[0m | [33m[1mWARNING [0m | [fetch] http 内容不足/疑似空壳，改用 playwright: https://www.hntv.tv/50rd/article/1/2102929603641040897?v=1.0&from=dxhome
[32m2026-09-24 16:17:07[0m | [33m[1mWARNING [0m | [fetch] http 内容不足/疑似空壳，改用 playwright: https://www.hntv.tv/news/0/2102981950603407361?v=1.0&from=dxhome
[32m2026-09-24 16:17:20[0m | [33m[1mWARNING [0m | [fetch] http 内容不足/疑似空壳，改用 playwright: https://www.hntv.tv/news/0/2102971198262599682?v=1.0&from=dxhome
detail: Missing title or substantive body
detail: Missing title or substantive body
detail: Missing title or substantive body
detail: Missing title or substantive body
detail: Missing title or substantive body
detail: Missing title or substantive body
detail: Page.content: Unable to retrieve content because the page is navigating and changing the content.
detail: Missing title or substantive body
detail: Missing title or substantive body","e3f6940c-52f7-44b8-8566-f4fdc2ad4aa0-3b3e8713-d9d1-4b60-b727-d942f755b3ac-64309d22-6d82-4f74-ac65-0da2b300ed4d.json","e3f6940c-52f7-44b8-8566-f4fdc2ad4aa0-3b3e8713-d9d1-4b60-b727-d942f755b3ac-64309d22-6d82-4f74-ac65-0da2b300ed4d.log"
"a293c344-e0b9-4dc9-9ce9-103114c2750e","f04a4d70-cc2c-4a1c-97dd-540c381d7532","广州日报报业集团","http://www.gzdaily.com","website","html","false","failed","原有/共用规则","未提取到列表链接（未证明当天无更新）","1","0","0","0","0","0","0","0","0","0","","empty_list","[32m2026-09-24 16:17:39[0m | [33m[1mWARNING [0m | [fetch] http 内容不足/疑似空壳，改用 playwright: http://www.gzdaily.com","e3f6940c-52f7-44b8-8566-f4fdc2ad4aa0-a293c344-e0b9-4dc9-9ce9-103114c2750e-1f6ec7a6-3a80-4f55-bce1-7e56f3a84533.json","e3f6940c-52f7-44b8-8566-f4fdc2ad4aa0-a293c344-e0b9-4dc9-9ce9-103114c2750e-1f6ec7a6-3a80-4f55-bce1-7e56f3a84533.log"
"c7fb44f1-52bb-465d-a4c1-22f365645b7d","18415fb5-a68b-4781-96f9-84c9d17cf35a","南方日报","http://www.southcn.com","website","html","true","success","原有/共用规则","成功","1","10","181","10","0","5","0","5","0","0","","","[32m2026-09-24 16:18:00[0m | [33m[1mWARNING [0m | [base] playwright 兜底失败 https://www.southcn.com/node_07e973c1a3/114c84a4c7.shtml: Page.goto: Timeout 15000ms exceeded.","e3f6940c-52f7-44b8-8566-f4fdc2ad4aa0-c7fb44f1-52bb-465d-a4c1-22f365645b7d-02108bf9-548b-430e-8e79-51d46addcfd0.json","e3f6940c-52f7-44b8-8566-f4fdc2ad4aa0-c7fb44f1-52bb-465d-a4c1-22f365645b7d-02108bf9-548b-430e-8e79-51d46addcfd0.log"
"55a86b20-f146-4770-84d8-9093e0975e99","74f624e9-daac-43b4-b6c9-9a06593ae328","华龙网","https://www.cqliving.com","website","html","false","failed","原有/共用规则","未提取到列表链接（未证明当天无更新）","1","0","0","0","0","0","0","0","0","0","","empty_list","","e3f6940c-52f7-44b8-8566-f4fdc2ad4aa0-55a86b20-f146-4770-84d8-9093e0975e99-b47c932c-9ca0-497e-a3fe-b2f6952da737.json","e3f6940c-52f7-44b8-8566-f4fdc2ad4aa0-55a86b20-f146-4770-84d8-9093e0975e99-b47c932c-9ca0-497e-a3fe-b2f6952da737.log"
"065e084c-f6ef-420c-b597-da53af5b81e2","b46b5c33-ceaa-4e94-95fd-f49873cb99f2","羊城晚报","http://www.ycwb.com","website","html","true","success","原有/共用规则","成功","1","9","112","10","1","0","0","9","0","0","","","[32m2026-09-24 16:17:39[0m | [33m[1mWARNING [0m | [fetch] http 内容不足/疑似空壳，改用 playwright: http://www.ycwb.com
[32m2026-09-24 16:17:47[0m | [33m[1mWARNING [0m | [fetch] http 内容不足/疑似空壳，改用 playwright: https://news.ycwb.com/ikimvkbtio/content_54304663.htm
[32m2026-09-24 16:17:54[0m | [33m[1mWARNING [0m | [fetch] http 内容不足/疑似空壳，改用 playwright: https://news.ycwb.com/ikimvkbtii/content_54302545.htm
[32m2026-09-24 16:18:01[0m | [33m[1mWARNING [0m | [fetch] http 内容不足/疑似空壳，改用 playwright: https://news.ycwb.com/ikimvkbtio/content_54304577.htm
[32m2026-09-24 16:18:09[0m | [33m[1mWARNING [0m | [fetch] http 内容不足/疑似空壳，改用 playwright: https://news.ycwb.com/ikimvkbtio/content_54304579.htm
[32m2026-09-24 16:18:16[0m | [33m[1mWARNING [0m | [fetch] http 内容不足/疑似空壳，改用 playwright: https://news.ycwb.com/ikimvkbtih/content_54304471.htm
[32m2026-09-24 16:18:34[0m | [33m[1mWARNING [0m | [fetch] http 内容不足/疑似空壳，改用 playwright: https://news.ycwb.com/ikimvkbtih/content_54303971.htm
[32m2026-09-24 16:18:42[0m | [33m[1mWARNING [0m | [fetch] http 内容不足/疑似空壳，改用 playwright: https://news.ycwb.com/ikimvkbtih/content_54303753.htm
[32m2026-09-24 16:18:49[0m | [33m[1mWARNING [0m | [fetch] http 内容不足/疑似空壳，改用 playwright: https://news.ycwb.com/ikimvkbtih/content_54303750.htm
[32m2026-09-24 16:18:56[0m | [33m[1mWARNING [0m | [fetch] http 内容不足/疑似空壳，改用 playwright: https://news.ycwb.com/ikimvkbtii/content_54303264.htm
[32m2026-09-24 16:19:04[0m | [33m[1mWARNING [0m | [fetch] http 内容不足/疑似空壳，改用 playwright: https://news.ycwb.com/ikimvkbtii/content_54302363.htm
detail: Page.goto: Timeout 15000ms exceeded.
Call log:
  - navigating to ""https://news.ycwb.com/ikimvkbtih/content_54304471.htm"", waiting until ""networkidle""
","e3f6940c-52f7-44b8-8566-f4fdc2ad4aa0-065e084c-f6ef-420c-b597-da53af5b81e2-ee7e7e4d-e1cb-4cd9-bd2f-6a88492bf10c.json","e3f6940c-52f7-44b8-8566-f4fdc2ad4aa0-065e084c-f6ef-420c-b597-da53af5b81e2-ee7e7e4d-e1cb-4cd9-bd2f-6a88492bf10c.log"
"8b95aea9-ba61-459f-846c-eac870373dbf","18415fb5-a68b-4781-96f9-84c9d17cf35a","南方日报","http://www.southcn.com","website","html","true","success","原有/共用规则","成功","1","10","181","10","0","0","0","10","0","0","","","[32m2026-09-24 16:19:43[0m | [33m[1mWARNING [0m | [base] playwright 兜底失败 https://www.southcn.com/node_07e973c1a3/114c84a4c7.shtml: Page.goto: Timeout 15000ms exceeded.","e3f6940c-52f7-44b8-8566-f4fdc2ad4aa0-8b95aea9-ba61-459f-846c-eac870373dbf-c906052b-7743-4956-8589-1df840bc7081.json","e3f6940c-52f7-44b8-8566-f4fdc2ad4aa0-8b95aea9-ba61-459f-846c-eac870373dbf-c906052b-7743-4956-8589-1df840bc7081.log"
"2bb2ca0e-4999-4516-bf5b-3a5e6c8826eb","2cce0d71-709c-45f4-b27b-f4736dbaab96","内蒙古日报","http://www.nmgnews.com.cn","website","html","true","success","相对链接/重定向","成功","1","9","106","10","1","0","0","9","0","0","","","[32m2026-09-24 16:19:21[0m | [33m[1mWARNING [0m | [fetch] http 内容不足/疑似空壳，改用 playwright: http://china.nmgnews.com.cn/system/2026/09/24/030404413.shtml
[32m2026-09-24 16:19:36[0m | [33m[1mWARNING [0m | [fetch] http 内容不足/疑似空壳，改用 playwright: http://china.nmgnews.com.cn/system/2026/09/24/030404593.shtml
[32m2026-09-24 16:19:53[0m | [33m[1mWARNING [0m | [fetch] http 内容不足/疑似空壳，改用 playwright: http://inews.nmgnews.com.cn/system/2026/03/01/030314444.shtml
[32m2026-09-24 16:20:02[0m | [33m[1mWARNING [0m | [fetch] http 内容不足/疑似空壳，改用 playwright: http://inews.nmgnews.com.cn/system/2025/02/13/030097235.shtml
[32m2026-09-24 16:20:23[0m | [33m[1mWARNING [0m | [fetch] http 内容不足/疑似空壳，改用 playwright: http://inews.nmgnews.com.cn/system/2026/07/28/030378912.shtml
detail: Missing title or substantive body","e3f6940c-52f7-44b8-8566-f4fdc2ad4aa0-2bb2ca0e-4999-4516-bf5b-3a5e6c8826eb-e59690c0-8de7-47cd-b7fe-0b3ab379fb9b.json","e3f6940c-52f7-44b8-8566-f4fdc2ad4aa0-2bb2ca0e-4999-4516-bf5b-3a5e6c8826eb-e59690c0-8de7-47cd-b7fe-0b3ab379fb9b.log"
"ffd78ea3-5b4c-47ec-b890-aece4f334b7e","3609236d-2d86-40ba-8dc9-b715fcc4a61e","福建日报","https://www.fjsen.com/","website","html","true","success","原有/共用规则","成功","1","10","153","10","0","0","0","10","0","0","","","","e3f6940c-52f7-44b8-8566-f4fdc2ad4aa0-ffd78ea3-5b4c-47ec-b890-aece4f334b7e-120e92d3-8b8f-414d-9e2a-2c02283e4104.json","e3f6940c-52f7-44b8-8566-f4fdc2ad4aa0-ffd78ea3-5b4c-47ec-b890-aece4f334b7e-120e92d3-8b8f-414d-9e2a-2c02283e4104.log"
"12dcbd8b-279f-43bd-b720-3f4fe4f430b1","51fd9095-83ce-4f49-a663-660f174800f8","中国青年报","https://news.cyol.com/","website","html","true","success","原有/共用规则","成功","1","10","106","10","0","0","0","10","0","0","","","","e3f6940c-52f7-44b8-8566-f4fdc2ad4aa0-12dcbd8b-279f-43bd-b720-3f4fe4f430b1-b08c3781-083d-4d07-9ced-edea8e172384.json","e3f6940c-52f7-44b8-8566-f4fdc2ad4aa0-12dcbd8b-279f-43bd-b720-3f4fe4f430b1-b08c3781-083d-4d07-9ced-edea8e172384.log"
"651abe46-e60e-47dd-8e64-28c0eec1b596","90de8b1a-a9c1-4a66-b124-368ad3f8044b","新华社","http://www.xinhuanet.com","website","html","true","success","generic配置","成功","1","10","37","10","0","9","0","1","0","0","","","","e3f6940c-52f7-44b8-8566-f4fdc2ad4aa0-651abe46-e60e-47dd-8e64-28c0eec1b596-a796d1d1-6190-49e7-a8e0-e04e290d2849.json","e3f6940c-52f7-44b8-8566-f4fdc2ad4aa0-651abe46-e60e-47dd-8e64-28c0eec1b596-a796d1d1-6190-49e7-a8e0-e04e290d2849.log"
"eefc1945-bb0f-4d61-bb95-7c42476f8f50","ea16bfb0-384e-4d09-a00a-f543d7bd822b","北京日报","http://www.bjd.com.cn","website","html","true","success","generic配置","成功","1","10","80","10","0","7","0","3","0","0","","","","e3f6940c-52f7-44b8-8566-f4fdc2ad4aa0-eefc1945-bb0f-4d61-bb95-7c42476f8f50-2ddf425b-f174-4130-9d1a-e06bdb25a0c2.json","e3f6940c-52f7-44b8-8566-f4fdc2ad4aa0-eefc1945-bb0f-4d61-bb95-7c42476f8f50-2ddf425b-f174-4130-9d1a-e06bdb25a0c2.log"
"f984e41f-524d-4aa5-acf0-c08b3cc8c63d","67a4c3f2-6cb1-45d5-a8a4-1f32eed1c796","光明日报","https://www.gmw.cn","website","html","true","success","generic配置","成功","1","10","155","10","0","7","0","3","0","0","","","[32m2026-09-24 16:20:37[0m | [33m[1mWARNING [0m | [fetch] http 内容不足/疑似空壳，改用 playwright: http://theory.gmw.cn/2014-11/02/content_13724456.htm","e3f6940c-52f7-44b8-8566-f4fdc2ad4aa0-f984e41f-524d-4aa5-acf0-c08b3cc8c63d-b07ef3c3-cbcd-4632-a29a-18a67a4b0bd2.json","e3f6940c-52f7-44b8-8566-f4fdc2ad4aa0-f984e41f-524d-4aa5-acf0-c08b3cc8c63d-b07ef3c3-cbcd-4632-a29a-18a67a4b0bd2.log"
"5b231dec-f22b-47f8-8950-b7b69c823f11","8340ddea-f0a7-46a0-9032-59baaccd9c0d","澎湃新闻","https://www.thepaper.cn","website","html","false","failed","generic配置","非新闻 App 下载误识别（超时）","3","0","","","","0","0","0","0","0","missing_report","worker_no_report","","e3f6940c-52f7-44b8-8566-f4fdc2ad4aa0-5b231dec-f22b-47f8-8950-b7b69c823f11-eba32ef8-309e-49f5-b19d-c3225bb87347.json","e3f6940c-52f7-44b8-8566-f4fdc2ad4aa0-5b231dec-f22b-47f8-8950-b7b69c823f11-eba32ef8-309e-49f5-b19d-c3225bb87347.log"
"b1baf07e-8878-479b-bad5-861623771fac","392bd6a7-f4c3-4892-8c75-f69398be69b2","东莞日报社","https://www.timedg.com/","website","html","true","success","原有/共用规则","成功","1","10","45","10","0","4","0","6","0","0","","","","e3f6940c-52f7-44b8-8566-f4fdc2ad4aa0-b1baf07e-8878-479b-bad5-861623771fac-f0914168-b050-4043-9ceb-05d20b0ec497.json","e3f6940c-52f7-44b8-8566-f4fdc2ad4aa0-b1baf07e-8878-479b-bad5-861623771fac-f0914168-b050-4043-9ceb-05d20b0ec497.log"
"ccef2051-e3ca-4f49-95df-67d5d0c3ec45","3609236d-2d86-40ba-8dc9-b715fcc4a61e","福建日报","http://fjrb.fjdaily.com","website","html","true","success","原有/共用规则","成功","1","7","7","7","0","0","0","7","0","0","","","[32m2026-09-24 16:31:14[0m | [33m[1mWARNING [0m | [fetch] http 内容不足/疑似空壳，改用 playwright: http://fjrb.fjdaily.com","e3f6940c-52f7-44b8-8566-f4fdc2ad4aa0-ccef2051-e3ca-4f49-95df-67d5d0c3ec45-4fce5d55-6b62-4468-a634-fad4fa2530b6.json","e3f6940c-52f7-44b8-8566-f4fdc2ad4aa0-ccef2051-e3ca-4f49-95df-67d5d0c3ec45-4fce5d55-6b62-4468-a634-fad4fa2530b6.log"
"7bce761c-916b-4981-97a4-4b55fc2aaefb","3609236d-2d86-40ba-8dc9-b715fcc4a61e","福建日报","http://fjrb.fjdaily.com","website","html","true","success","原有/共用规则","成功","1","7","7","7","0","0","0","7","0","0","","","[32m2026-09-24 16:31:14[0m | [33m[1mWARNING [0m | [fetch] http 内容不足/疑似空壳，改用 playwright: http://fjrb.fjdaily.com","e3f6940c-52f7-44b8-8566-f4fdc2ad4aa0-7bce761c-916b-4981-97a4-4b55fc2aaefb-5d50ebd7-cd55-43ac-a14d-9c39ebc4c7b5.json","e3f6940c-52f7-44b8-8566-f4fdc2ad4aa0-7bce761c-916b-4981-97a4-4b55fc2aaefb-5d50ebd7-cd55-43ac-a14d-9c39ebc4c7b5.log"
"a8d72a09-8f77-436a-8dac-1b0f480bd506","392bd6a7-f4c3-4892-8c75-f69398be69b2","东莞日报社","http://www.timedg.com","website","html","true","success","原有/共用规则","成功","1","10","45","10","0","3","0","7","0","0","","","","e3f6940c-52f7-44b8-8566-f4fdc2ad4aa0-a8d72a09-8f77-436a-8dac-1b0f480bd506-a462e3df-b4d9-4fde-ba97-3ea6bc568673.json","e3f6940c-52f7-44b8-8566-f4fdc2ad4aa0-a8d72a09-8f77-436a-8dac-1b0f480bd506-a462e3df-b4d9-4fde-ba97-3ea6bc568673.log"
"060b95e5-770d-41d3-a806-acc90d8c5f5b","a1b67d3e-b993-43fd-9af3-e5975b78ebec","西藏日报","http://www.chinatibetnews.com","website","html","true","success","原有/共用规则","成功","1","10","74","10","0","0","0","10","0","0","","","","e3f6940c-52f7-44b8-8566-f4fdc2ad4aa0-060b95e5-770d-41d3-a806-acc90d8c5f5b-b6d351d8-59ed-4fc8-9a8b-fc5066667d3e.json","e3f6940c-52f7-44b8-8566-f4fdc2ad4aa0-060b95e5-770d-41d3-a806-acc90d8c5f5b-b6d351d8-59ed-4fc8-9a8b-fc5066667d3e.log"
"c7ab056d-d395-411c-8f50-b66e13704b79","a1b67d3e-b993-43fd-9af3-e5975b78ebec","西藏日报","http://www.chinatibetnews.com","website","html","true","success","原有/共用规则","成功","1","10","74","10","0","0","0","10","0","0","","","","e3f6940c-52f7-44b8-8566-f4fdc2ad4aa0-c7ab056d-d395-411c-8f50-b66e13704b79-62ce4ff9-8c64-444a-a129-c331b1b5110d.json","e3f6940c-52f7-44b8-8566-f4fdc2ad4aa0-c7ab056d-d395-411c-8f50-b66e13704b79-62ce4ff9-8c64-444a-a129-c331b1b5110d.log"
"8a906243-15af-4996-ab85-3cf8d99b5d9f","392bd6a7-f4c3-4892-8c75-f69398be69b2","东莞日报社","http://www.timedg.com","website","html","true","success","原有/共用规则","成功","1","10","45","10","0","0","0","10","0","0","","","","e3f6940c-52f7-44b8-8566-f4fdc2ad4aa0-8a906243-15af-4996-ab85-3cf8d99b5d9f-1a93a3ea-ffb1-4f8e-b448-f837125a9b76.json","e3f6940c-52f7-44b8-8566-f4fdc2ad4aa0-8a906243-15af-4996-ab85-3cf8d99b5d9f-1a93a3ea-ffb1-4f8e-b448-f837125a9b76.log"
"91b12444-4be6-44b5-8147-ac02d5e678ba","2cce0d71-709c-45f4-b27b-f4736dbaab96","内蒙古日报","http://www.nmgnews.com.cn","website","html","true","success","相对链接/重定向","成功","1","9","106","10","1","0","0","9","0","0","","","[32m2026-09-24 16:31:42[0m | [33m[1mWARNING [0m | [fetch] http 内容不足/疑似空壳，改用 playwright: http://china.nmgnews.com.cn/system/2026/09/24/030404413.shtml
[32m2026-09-24 16:31:56[0m | [33m[1mWARNING [0m | [fetch] http 内容不足/疑似空壳，改用 playwright: http://china.nmgnews.com.cn/system/2026/09/24/030404593.shtml
[32m2026-09-24 16:32:08[0m | [33m[1mWARNING [0m | [fetch] http 内容不足/疑似空壳，改用 playwright: http://inews.nmgnews.com.cn/system/2026/03/01/030314444.shtml
[32m2026-09-24 16:32:15[0m | [33m[1mWARNING [0m | [fetch] http 内容不足/疑似空壳，改用 playwright: http://inews.nmgnews.com.cn/system/2025/02/13/030097235.shtml
[32m2026-09-24 16:32:31[0m | [33m[1mWARNING [0m | [fetch] http 内容不足/疑似空壳，改用 playwright: http://inews.nmgnews.com.cn/system/2026/07/28/030378912.shtml
detail: Missing title or substantive body","e3f6940c-52f7-44b8-8566-f4fdc2ad4aa0-91b12444-4be6-44b5-8147-ac02d5e678ba-4b46638a-09c1-4737-bad0-a7a3d1b3276d.json","e3f6940c-52f7-44b8-8566-f4fdc2ad4aa0-91b12444-4be6-44b5-8147-ac02d5e678ba-4b46638a-09c1-4737-bad0-a7a3d1b3276d.log"
"015b5e24-3293-467e-a5b7-89ada9ee2277","2cce0d71-709c-45f4-b27b-f4736dbaab96","内蒙古日报","https://www.nmgnews.com.cn/","website","html","true","success","相对链接/重定向","成功","1","9","106","10","1","0","0","9","0","0","","","[32m2026-09-24 16:32:41[0m | [33m[1mWARNING [0m | [fetch] http 内容不足/疑似空壳，改用 playwright: http://china.nmgnews.com.cn/system/2026/09/24/030404413.shtml
[32m2026-09-24 16:32:58[0m | [33m[1mWARNING [0m | [fetch] http 内容不足/疑似空壳，改用 playwright: http://china.nmgnews.com.cn/system/2026/09/24/030404593.shtml
[32m2026-09-24 16:33:13[0m | [33m[1mWARNING [0m | [fetch] http 内容不足/疑似空壳，改用 playwright: http://inews.nmgnews.com.cn/system/2026/03/01/030314444.shtml
[32m2026-09-24 16:33:20[0m | [33m[1mWARNING [0m | [fetch] http 内容不足/疑似空壳，改用 playwright: http://inews.nmgnews.com.cn/system/2025/02/13/030097235.shtml
[32m2026-09-24 16:33:33[0m | [33m[1mWARNING [0m | [fetch] http 内容不足/疑似空壳，改用 playwright: http://inews.nmgnews.com.cn/system/2026/07/28/030378912.shtml
detail: Missing title or substantive body","e3f6940c-52f7-44b8-8566-f4fdc2ad4aa0-015b5e24-3293-467e-a5b7-89ada9ee2277-9f3dc728-b163-4378-8a57-39551c2dd6ef.json","e3f6940c-52f7-44b8-8566-f4fdc2ad4aa0-015b5e24-3293-467e-a5b7-89ada9ee2277-9f3dc728-b163-4378-8a57-39551c2dd6ef.log"
"0b776882-f7c1-4e20-b9b7-1619cfa72d5b","111c1597-20fe-438c-bb44-31d551f71bbd","浙江广播电视集团","http://www.cztv.com","website","html","true","success","浏览器详情URL保留","成功","1","8","39","10","2","5","0","3","0","0","","","detail: Missing title or substantive body
detail: Missing title or substantive body","e3f6940c-52f7-44b8-8566-f4fdc2ad4aa0-0b776882-f7c1-4e20-b9b7-1619cfa72d5b-2ab8f6b7-8115-4851-8290-c8f073d9131b.json","e3f6940c-52f7-44b8-8566-f4fdc2ad4aa0-0b776882-f7c1-4e20-b9b7-1619cfa72d5b-2ab8f6b7-8115-4851-8290-c8f073d9131b.log"
"60a4f608-c27a-4353-9bee-7617a7f6741f","d5e810ad-f278-421a-b0e3-229159700f94","重庆广播电视集团","http://www.cbg.cn","website","html","true","success","generic配置","成功","1","7","96","10","3","0","0","7","0","0","","","[32m2026-09-24 16:32:41[0m | [33m[1mWARNING [0m | [fetch] http 失败，准备 playwright: https://www.cbg.cn/list/4928/1.html -> Server disconnected without sending a response.
[32m2026-09-24 16:32:45[0m | [33m[1mWARNING [0m | [fetch] http 失败，准备 playwright: https://www.cbg.cn/show/5147-5791353.html -> Server disconnected without sending a response.
[32m2026-09-24 16:32:48[0m | [33m[1mWARNING [0m | [fetch] http 失败，准备 playwright: https://www.cbg.cn/show/5147-5791349.html -> Server disconnected without sending a response.
{""source_id"": ""60a4f608-c27a-4353-9bee-7617a7f6741f"", ""media_id"": ""d5e810ad-f278-421a-b0e3-229159700f94"", ""source_url"": ""http://www.cbg.cn"", ""source_type"": ""website"", ""crawl_method"": ""html"", ""media"": ""重庆广播电视集团"", ""run_id"": ""e3f6940c-52f7-44b8-8566-f4fdc2ad4aa0"", ""attempt_id"": ""11b5aed5-1367-4656-a8dd-5d83f030c6b8"", ""started_at"": ""2026-09-24T08:32:40.760126+00:00"", ""success"": true, ""retryable"": false, ""attempted"": 10, ""discovered"": 96, ""failures"": [{""stage"": ""detail"", ""url"": ""https://www.cbg.cn/list/4928/1.html"", ""reason"": ""Page.goto: net::ERR_HTTP2_PROTOCOL_ERROR at https://www.cbg.cn/list/4928/1.html\nCall log:\n  - navigating to \""https://www.cbg.cn/list/4928/1.html\"", waiting until \""networkidle\""\n""}, {""stage"": ""detail"", ""url"": ""https://www.cbg.cn/show/5147-5791353.html"", ""reason"": ""Page.goto: net::ERR_HTTP2_PROTOCOL_ERROR at https://www.cbg.cn/show/5147-5791353.html\nCall log:\n  - navigating to \""https://www.cbg.cn/show/5147-5791353.html\"", waiting until \""networkidle\""\n""}, {""stage"": ""detail"", ""url"": ""https://www.cbg.cn/show/5147-5791349.html"", ""reason"": ""Page.goto: net::ERR_HTTP2_PROTOCOL_ERROR at https://www.cbg.cn/show/5147-5791349.html\nCall log:\n  - navigating to \""https://www.cbg.cn/show/5147-5791349.html\"", waiting until \""networkidle\""\n""}], ""successful_bodies"": 7, ""entry_urls"": [""http://www.cbg.cn""], ""ingest"": {""success"": true, ""schema_version"": ""article-v1"", ""sources"": 1, ""successSources"": 1, ""failedSources"": 0, ""inserted"": 0, ""updated"": 0, ""duplicated"": 7, ""invalid"": 0, ""failed"": 0, ""perSource"": [{""sourceId"": ""60a4f608-c27a-4353-9bee-7617a7f6741f"", ""ok"": true, ""inserted"": 0, ""updated"": 0, ""duplicated"": 7, ""invalid"": 0, ""failed"": 0, ""warnings"": []}]}, ""failed"": 3, ""ended_at"": ""2026-09-24T08:33:02.400120+00:00""}
detail: Page.goto: net::ERR_HTTP2_PROTOCOL_ERROR at https://www.cbg.cn/list/4928/1.html
Call log:
  - navigating to ""https://www.cbg.cn/list/4928/1.html"", waiting until ""networkidle""

detail: Page.goto: net::ERR_HTTP2_PROTOCOL_ERROR at https://www.cbg.cn/show/5147-5791353.html
Call log:
  - navigating to ""https://www.cbg.cn/show/5147-5791353.html"", waiting until ""networkidle""

detail: Page.goto: net::ERR_HTTP2_PROTOCOL_ERROR at https://www.cbg.cn/show/5147-5791349.html
Call log:
  - navigating to ""https://www.cbg.cn/show/5147-5791349.html"", waiting until ""networkidle""
","e3f6940c-52f7-44b8-8566-f4fdc2ad4aa0-60a4f608-c27a-4353-9bee-7617a7f6741f-11b5aed5-1367-4656-a8dd-5d83f030c6b8.json","e3f6940c-52f7-44b8-8566-f4fdc2ad4aa0-60a4f608-c27a-4353-9bee-7617a7f6741f-11b5aed5-1367-4656-a8dd-5d83f030c6b8.log"
"9107eb61-1648-4e8b-b249-6353e881cc06","fd1d18c7-f390-4cd0-8b87-d72a7e0a984c","锡林郭勒盟日报","http://www.xlgl.gov.cn","website","html","false","failed","generic配置","HTTP 5xx（站点或代理）","1","0","0","0","0","0","0","0","0","0","","empty_list","[32m2026-09-24 16:32:41[0m | [33m[1mWARNING [0m | [fetch] http 失败，准备 playwright: http://www.xlgl.gov.cn -> Server error '502 Bad Gateway' for url 'http://www.xlgl.gov.cn'","e3f6940c-52f7-44b8-8566-f4fdc2ad4aa0-9107eb61-1648-4e8b-b249-6353e881cc06-089125e7-ce2c-431e-a831-443f54a3d3d5.json","e3f6940c-52f7-44b8-8566-f4fdc2ad4aa0-9107eb61-1648-4e8b-b249-6353e881cc06-089125e7-ce2c-431e-a831-443f54a3d3d5.log"
"7e0aaca5-7a69-47c9-aab2-dccf91861bdb","648f29df-a491-4332-90e3-6fda61ba79fa","湄洲日报","http://www.ptxw.com","website","html","true","success","generic配置","成功","1","10","49","10","0","3","0","7","0","0","","","","e3f6940c-52f7-44b8-8566-f4fdc2ad4aa0-7e0aaca5-7a69-47c9-aab2-dccf91861bdb-13b35933-57d2-4ef6-bc21-1085ea813528.json","e3f6940c-52f7-44b8-8566-f4fdc2ad4aa0-7e0aaca5-7a69-47c9-aab2-dccf91861bdb-13b35933-57d2-4ef6-bc21-1085ea813528.log"
"e6ca3778-c11a-49a4-b69b-34f265fc8082","3d1d7222-8662-42ed-8d4b-0940dba54f6d","承德广播电视台","http://www.chengde.gov.cn","website","html","true","success","generic配置","成功","1","10","51","10","0","0","0","10","0","0","","","","e3f6940c-52f7-44b8-8566-f4fdc2ad4aa0-e6ca3778-c11a-49a4-b69b-34f265fc8082-d2c2e65e-2923-445d-aac3-40f9b6547f81.json","e3f6940c-52f7-44b8-8566-f4fdc2ad4aa0-e6ca3778-c11a-49a4-b69b-34f265fc8082-d2c2e65e-2923-445d-aac3-40f9b6547f81.log"
"4d7f94b3-48f3-45c2-9431-f5fee615b297","629381a5-0666-4bb9-b05c-c3820e3c3b94","四川日报","http://www.scol.com.cn","website","html","true","success","generic配置","成功","1","9","152","10","1","5","0","4","0","0","","","[32m2026-09-24 16:34:27[0m | [33m[1mWARNING [0m | [fetch] http 内容不足/疑似空壳，改用 playwright: https://focus.scol.com.cn/gcdt/202609/83330326.html
detail: Client error '404 Not Found' for url 'https://www.scol.com.cn/zlts_tt/202609/83329926.html'
For more information check: https://developer.mozilla.org/en-US/docs/Web/HTTP/Status/404","e3f6940c-52f7-44b8-8566-f4fdc2ad4aa0-4d7f94b3-48f3-45c2-9431-f5fee615b297-e715f2c3-ac0d-4eaf-9c33-01fc287bcd42.json","e3f6940c-52f7-44b8-8566-f4fdc2ad4aa0-4d7f94b3-48f3-45c2-9431-f5fee615b297-e715f2c3-ac0d-4eaf-9c33-01fc287bcd42.log"
"f97647fa-df82-4761-8b24-123b991c1520","111c1597-20fe-438c-bb44-31d551f71bbd","浙江广播电视集团","https://www.cztv.com/","website","html","true","success","浏览器详情URL保留","成功","1","2","3","3","1","0","0","2","0","0","","","detail: Missing title or substantive body","e3f6940c-52f7-44b8-8566-f4fdc2ad4aa0-f97647fa-df82-4761-8b24-123b991c1520-e153cba2-5933-409f-a6d5-e225fd610aef.json","e3f6940c-52f7-44b8-8566-f4fdc2ad4aa0-f97647fa-df82-4761-8b24-123b991c1520-e153cba2-5933-409f-a6d5-e225fd610aef.log"